content,label,predicted_label,result
未来世界无法想象，一切皆有可能！时代在改变、如果你不去改变、只能等着被淘汰！美国????最新机器人老婆Alice艾丽丝面世，按21岁姑娘打造，与真人相似度99%，售价十万美金，终身软件升级和保修。上海悦来汉蓉的微博视频,1,0,FALSE
美国最新机器人老婆Alice艾丽丝面世，按21岁姑娘打造，与真人相似度99%，售价十万美金，终身软件升级和保修。买一个这样的老婆，你就是活到101岁，你老婆还是21岁那样动人！事件排行榜的微博视频,1,0,FALSE
XP/WIN7系统都会默认限制20％的网速，我们可以很轻松地解除这个限制，使你的上网速度达到100%，真正地体验冲浪的感觉~！本教程仅供技术交流，喜欢赶紧转走吧！学电脑，请关注黑客是这样练成的,1,0,FALSE
今天，我国ARJ21新支线飞机从上海飞往成都，正式交付给成都航空公司。这是继11月2日C919大型客机总装下线后，我国航空工业又一重大突破。标志着国内航线将首次拥有自己的喷气式支线客机！中国，加入了世界商用飞机的家族！为中国点赞！,0,1,FALSE
iPhone5粉红款！女生的最爱！iPhone5首次曝光，即将上市。1.5GHzA4处理器，使用全新材质氮涂层外壳，这种氮涂层外壳具有防划防磨的特效。800万传感器，而且iPhone5完全解决了信号问题，并将支持4G连接，拥有32GB内存或64GB。喜欢的话，转发哈！,1,0,FALSE
当时科研条件十分艰苦，都是土法上马，做临床试验时，是屠呦呦和另外两个同事先试服。屠呦呦因此得了中毒性肝炎。屠呦呦说，一个科研的成功不会很轻易，要做出艰苦的努力！,0,1,FALSE
日本富士新闻网报道，据日本政府人士透露，两艘中国海军护卫舰出现在钓鱼岛西北80海里海域。这是中国海军首次出现在这一地区。,0,1,FALSE
在叙利亚战火弥漫血肉横飞的时候，该国一名女子打出来的一幅标语让中国人震惊：“中国：你们的道德比你们的产品还垃圾。”,1,0,FALSE
近日，有卫星拍摄到了“美国”号航母被8艘军舰“围观”的照片，同时在美国官方的大图上一些我军054A护卫舰和052D驱逐舰也出现在背景里。燃新闻的,0,1,FALSE
皇军和八路军亲善珍贵史料流出,1,0,FALSE
药家鑫在看守所唱《传奇》的视频泄露之后，细心的再见华尔街发现台下领导席中坐着一位军装男子(第5分钟开始出现)，云中鹤138认为：他可能就是药家鑫父亲药青伟，是总后西安军事代表局驻西安的军代表。正团级军衔，副师级待遇。,1,0,FALSE
2月26日晚11点多，郑州巡警接到报警，说一个女孩在宾馆受到性侵犯。民警赶到现场时，受害人小王的老板说：“我是北京大学明伦管理学院的副院长，我叫王子涵，我告诉你，别拍了！”O,1,0,FALSE
"暴雪!沈阳部分学校已提前放学。为缓解家长晚上接孩子的交通压力,确保孩子安全,大学区决定提前放学,五年级今天放学时间为1:20!请家长尽量准时接孩子,,家长一定和校车司机沟通好!请放心,班主任老师会一直在教室陪伴!直到最后一个孩子接走!暴雪过后，很多人都找不到自己家！",0,1,FALSE
为增进同学之间的交往，培养健康的性取向和健康的人格，同时将学生宿舍管理工作与国际接轨！好先进，好羡慕嫉妒恨啊！,1,0,FALSE
1.现在睡觉的话，会做梦；而现在学习的话，会让梦实现。2.我无所事事的度过了今天，是昨天死去的人们所期望的明天。3.学习不是人生的全部，但学习都征服不了，那你还能做什么？4.今天不想走，明天就要跑了。5.此刻睡觉的口水将变成明天流下的泪水。,1,0,FALSE
4月25日，河南南阳一中学家长反映，学校没开学先收费，学费上涨1千，转账给班主任还需交1‰的手续费。校方回应，班主任对收费不了解，就按最高标准收的，因微信提现有手续费，班主任让把手续费一块转了，已整改。,0,1,FALSE
如果真的对天一处罚，或者对他们高价生进行一些处理。那天一这个协议班得赔多少钱。所以很难看到最后这个事情有什么结果。黑啊，今天这天黑的吓人。,0,1,FALSE
对不起我的财管老师微观经济老师半小时蒙完只求分数不要太丢人了,0,1,FALSE
“世界学生跳绳锦标赛”上，一所中国乡村小学，广州花都区七星小学，斩获所有28枚金牌中的27枚！岑小林一人打破两项世界纪录，创下30秒单摇跳单脚110次（原纪录106次），3分钟单摇跳单脚548次（原纪录530次）的新纪录。,0,1,FALSE
这是全世界文科生的榜样啊。！！我的世界观崩塌得一塌糊涂。。。。（by人人爱重庆）,0,1,FALSE
今天早上，一中考点，一群穿旗袍的妈妈们在门口着实靓丽。网传穿旗袍寓意着孩子“旗开得胜”，看来所传非虚。妈妈们用心良苦呀！加油！高考生！祝你们“旗开得胜”！（供图：梁小姐）,0,1,FALSE
有人问：怎么不设管理员？校长：6人一年30万工资，只要丢书不超30万就值；偷书是受教育不够，多看书多受教育，偷拿过书也会放回书架。年终盘点，原来10万册书变成了10万6千册。不教而诛谓之虐，为什么总有人说中国人素质低？,1,0,FALSE
据本台记者消息，地震导致新北市一处变电箱爆炸，引发附近住宅发生火灾，致1死1伤。据统计，这次地震是今年台湾发生的第三起六级以上地震。,0,1,FALSE
1月2日，广西贵港市港北区普罗旺斯幼儿园门口，一群孩子奔跑着过斑马线，两人被快速驶来的小轿车撞倒在地，其中一名幼儿倒地不起，另一名当场身亡！此次事故幼儿园老师和轿车司机都负有不可推卸的责任细思恐极的奇闻的微博视频,1,0,FALSE
在驾驶舱玻璃爆碎、仪表盘开裂、无线电中断、高空失压和零下几十度的恶劣情况下，靠目视成功备降，临危不乱英雄本色！他们是川航英雄机长刘传健、受伤的90后副机长、所有机组人员向他们致敬！日更视频的...,0,1,FALSE
人民网：失联航班或有乘客冒充他人混上飞机。详见新闻截图,0,1,FALSE
东方航空MU5843航班昆明飞成都。本来12.：30就该到成都的飞机，现在却因为双流机场上空无人机影响，迫降重庆了！无人机何时才能得到有效控制！成都商报成都晚报东方航空,0,1,FALSE
中国地震台网自动测定：03月17日10时16分在四川内江市威远县附近（北纬29.59度，东经104.78度）发生3.1级左右地震，最终结果以正式速报为准。（震长）,0,1,FALSE
网友爆料今天晚上，恒泰门口发生一起车祸，现场一疑似学生伢倒地不起，摩托车以及碎片都散落在不远处！掌上安陆的...,0,1,FALSE
4月10日凌晨3点14分，河南龙宇能源股份有限公司永城市陈四楼煤矿北翼12采区发生煤与瓦斯突出事故。此次事当班工人说，事故死亡人说已经超过十人，一人获救，获救者向外泄露了死亡人数的实情已被警方控制，愿逝者安息，能得到应有的公道，,1,0,FALSE
今天川航挡风玻璃破裂，机长在零下几十度和极大风流、仪表失控情况下，仍然手动正确操控，备降成功。进过飞机驾驶舱的人应该都清楚，仪表精密度是超乎想象的，不要说飞机飞行过程中，即使是高速开车，没有挡风玻璃，对常人来说也是极大考验，何况是低温大风的高空。奇迹！向英雄致敬！,0,1,FALSE
作者：官民皆守新闻法由中国国务院研究室、中央党校研究室、中国社会科学院等部门近日推出一份调查报告披露：中国的亿万富豪百分之九十以上是高干子女，其中有2900多名高干子女，共拥有资产二万多亿。在金融、外贸、国土开发、大型工程、证券O,1,0,FALSE
三峡工程实现发电收入每年200多亿元，不属于百姓，不属于国务院，属于长江水利股份有限公司。换句话，三峡工程靠全国人民捐款、国家拨款，将留给国人，实现收入归个人所有，归个别官员所有！当年国务院说好的五分钱一度的电去那里了？屏蔽再发！,1,0,FALSE
福建省纪委消息：福建省厦门市人民政府党组成员、副市长李栋梁涉嫌严重违纪，目前正接受组织调查。,0,1,FALSE
有些媒体虽圈，但也只能天天看余杭余杭新闻网小强热线都市快报钱江晚报钱江晚报余杭生活央视新闻社会新闻大爆料社会维权曝光民生报道关注凤凰卫视凤凰卫视胡玲文汇报路透中文网Reuters华尔街日报中文网纽约时报中文网twitter中文讯息海de公园de梦想\,1,0,FALSE
张昂，前日截查一辆名牌越野车时，司机突然开车，并将其拖行20米，期间女警的...,1,0,FALSE
我从小怕老鼠，但是不怕蛇。后来，有位朋友知道此事，大为惊讶。我说，有什么好惊讶的，不是还有那么多人，某党治下都欢蹦乱跳的活着，反倒害怕什么“列强”么？,0,1,FALSE
1945年8月14日中华民国与苏联签订《中苏友好同盟条约》同意“苏联尊重东北的主权领土完整；不干涉新疆的内部事务；不援助中共”等条件下允许外蒙投票公决。1953年民国政府援引苏联并未做到“不援助中共”等条件废除该条约，不承认外蒙独立，下令把外蒙重新纳入中华民国版图。,1,0,FALSE
19小时内，中纪委先后在上海、北京拿下首虎，反腐地图覆盖31个省份。《新闻极客》统计显示，十八大后各地落马的省部级“老虎”59名，有两名女老虎，山西7只老虎堪称“老虎窝”，多数老虎为1950年至1959年出生。,0,1,FALSE
阳朔变泽国，似乎未见官媒报道，都忙着帮美帝人民监督美帝政府了。――摘自网络,1,0,FALSE
张海迪，你现在可以跷二郎腿了，可以开车了，看来你的腿已经好了，可是你为什么不告诉大家呢，为什么还要瞒着大家呢？至于你的德国国籍问题，你更是没有公开澄清，不管大家问你多少遍，你始终沉默，难道这就是你对那些关心你的人应有态度？,1,0,FALSE
吴某，某市公安局副局长，中共党员。浏览朋友圈时，他分享了关于一国两制文章，并罔顾一国两制政策出台背景与实际，发表评论大肆抨击、公然否定。吴某社会关系广，其观点被广泛转发影响恶劣,0,1,FALSE
赵茂涵无辜吗？无辜个锤子！网传的朋友圈截图，这不就是在“钓鱼”吗？或者说是在钓凯子？还“我在想你”，虽然染上新冠不是她本意，当然没人想得新冠了！可是，成都确实是因为她和她的家人遭灾了！相比之下，其他什么也没干人，不是更无辜吗？,1,0,FALSE
现在天热了，不少车主喜欢把饮料放在车内或后备箱或车内。但专家提醒：尽量不要这样做，因为经日光暴晒后的瓶装饮料分解出来的增塑剂、染色剂称为环境荷尔蒙，对人体的免疫力和生殖力都有影响，会导致女性男性化，男性女性化，幼儿则会性早熟。,1,0,FALSE
一年前，2019年11月5号，武汉有八人因传播新冠谣言被捕，一举成为新世纪新闻。而今天新冠肺炎已蔓延全世界造成一百多万人死亡，目前尚无有效药物控制病毒继续蔓延。,1,0,FALSE
棒啊！90％的新冠病毒遇茶水1分钟被杀灭99.9％的新冠病毒十分钟被灭这个发现奥利给所以，每天都要腾出时间来喝茶呀！宣威市,1,0,FALSE
可孚酒精棉片150片酒精棉片这东西，我强烈建议备一点，手机每天都需要擦一擦的，据说一天不擦，手机上的细菌比马桶盖还要多,0,1,FALSE
新疆喀什地区疏附县新增137例无症状感染者，让人心头一惊。这一事实再次说明，局部暴发疫情的风险仍然存在。面对新状况，不能乱了阵脚慌了神，也不能掉以轻心慢三拍。从流调到核酸检测，从联合作战到启动一级响应，应对越周全效果越明显。迎击疫情，克敌制胜，千万莫疏忽！?,1,0,FALSE
这就有些带节奏了，杭州这边没重男轻女那么严重。倒是批评狗乱养才是真的酷酷的LcLc的微博视频,1,0,FALSE
这个竖线代表什么意思呢？指甲上的竖线代表一个人体质的好坏，如果体力透支，精神长期疲劳的话，竖线就会越来越多哦！年轻人如果已经有了的话，就说明呼吸系统和神经系统有压力，赶紧调整好生活规律，趁着春光明媚郊游一番，呼吸新鲜空气吧！,1,0,FALSE
隔夜茶居然这么牛？你还不知道吧~,0,1,FALSE
昨天在青岛17点35分调频93.1发布青岛第一起埃博拉。所谓的谣言止于智者，也只是自我安慰！其实对于此类事件最清楚的莫过于政客！真亦是假，假亦是真，为了自己生命安全还是慎重出行！不要相信所谓权威媒体，在中国是不存在的！CCAV都经常播虚假购物广告。,1,0,FALSE
瑞典科学家的一项最新发现指出，女孩每天喝咖啡若超过三杯，她们的乳房可能会变小。因为半数女性体内含有一种特殊基因，由于这种基因，当她们摄入咖啡因时，乳房就会缩小。以星巴克LOGO为证！,1,0,FALSE
，没了健康宝，什么也做不了，上班也迟到了，希望能尽快修好，加油健康宝！北京人北京事儿的微博视频,1,0,FALSE
男神又到北京了，看到您那缓慢的步伐莫名有些心酸，本应该这个年龄在家享福，而您为了每一位中国人的健康，四处奔波，钟老辛苦了！馋小爷的微博视频,1,0,FALSE
心理学家认为，每天凝望帅哥10分钟，健身效果相当于做30分钟有氧运动，持之以恒，平均寿命可延长四五年。。。,1,0,FALSE
据青岛新闻网，顶着鲜艳黄花的黄瓜，通常在市场上受欢迎。但许多这样的黄瓜是用植物生长调节剂“扮嫩”的。有小贩爆料，黄瓜如果正常生长，采摘时早就谢，顶花黄瓜肯定是抹过药，甚至是避孕药配制的激素药。,1,0,FALSE
香港检测出韩国农心辛拉面向中国内地销售的产品，塑化剂超标50倍，接近极限。-居然毒害了咱那么多年阿,1,0,FALSE
"王火锅是火锅王:想顺产的准妈妈们拿去用吧找出了这个实用帖…顺便回答一下大家问的防止妊娠纹抹什么,我因为太懒一直没擦那些油啊霜的,我的方法就是上次讲的,孕期最后减少主食控制胎儿体重,千万不要追求生巨大儿,孩子健康就好并不是越重越值得骄傲,胎儿大小适宜,肚子自然也就不会爆裂长纹呐…",0,1,FALSE
啤酒中含有植物雌激素已非新观点，最新研究指出，植物雌激素会抑制男性睾丸分泌睾丸酮。简单来讲，植物雌激素可能使男性肌肉力量减弱、体毛减少、胡须脱落、乳房和臀部发育等，这些变化将会使男人看上去越来越像女人。,1,0,FALSE
火神山护士摘下口罩的一刻，小编见到了世间最美的笑脸！（来源：人民海军）好料三文娱的微博视频,0,1,FALSE
溯源还是要的，强大执行力之下乌鲁木齐一定会在最短时间内康复，一个月结束战斗，期待，加油。・__北漂的痞爷的微博视频,1,0,FALSE
大闸蟹一般至少两年才能长到二两以上，但江苏养殖场的大闸蟹，使用激素之后，都是一年蟹，当年下苗，当年养成上市。《壹周刊》记者从江苏买回来螃蟹送到香港“标准及检定中心”化验，蟹肉里不仅有激素，还有多种对人体有害的抗菌素。,1,0,FALSE
哎哟喂，才一天没看微博崔教授已经：1.把人华谊兄弟系股票弄了个跌停2.人民日报等官媒发布国税责令地税介入3.接了范冰冰本尊的道歉电话(范爷咋不接着范爷了呢早干嘛呢4.换了件彩虹衫再度接受了采访5.约见了无锡税务局这效率，恭喜C位重新出道！,0,1,FALSE
一个接一个被针对！自己的孩子别人不允许欺负！脱贫少女酱的微博投票,0,1,FALSE
索尼今晨宣布破产！又一商业巨头倒闭了！反思！你还在传统行业中挣扎吗？就算营业额上涨了可利润是否下滑了，你该考虑改行了，你该顺应趋势了！与时俱进！！选择趋势才能选择未来。我在:2oY路,1,0,FALSE
即日起至12月31日，广东动感地带网聊卡用户一次性充值30元及以上且在当天发送“300”至10086登记，可每月19元享受300M流量优惠（即由原100M升级为300M，不加收费用）。享受优惠期为优惠生效月月结日起至2013年12月！转比需要的朋友吧！,1,0,FALSE
今天凌晨，微博、朋友圈出现所谓“截图”，称央视新闻00:05就发出了天猫公布双十一00:12的成交额，并广为流传……我们的编辑瞬间就“不好了”。特此声明：我们是0:24发出的消息，究竟截图怎么回事，我们请该客户端发布者也出面说明情况。截图为证！小编请大家帮忙辟谣！,0,1,FALSE
视频中的该名男子作为速运的快递员，擅自将装有抗击的口罩包裹拆封，并私下出售，这是一个企业该做的事儿吗？请顺丰集团顺丰官方客服尽快核实清楚，给公众一个交代！马文先生的微博视频,1,0,FALSE
爱奇艺！嗯！这么说吧！腾讯有的剧爱奇艺没有爱奇艺有的剧腾讯没有！优酷的剧爱奇艺没有，腾讯也没有！所以只要能看电视的都买了会员??????,0,1,FALSE
Cartier自7月1日起，手表类上涨3%，首饰类上涨7%。简单明了一句话，要行动的，要放弃的，自行决定吧。奢华购_兰泊,1,0,FALSE
福州江南水都美域小区35号楼被曝震歪。开发商融侨集团请人检测之后，举行答辩会称：初步结论为楼体各项指标正常。福建省地质测绘院魏总工程师说“经过大致测算结果，大楼倾斜角度在正常范围内。居民看到的大楼严重倾斜可能和其站位及视觉角度有关系，因此还是要以仪器测算为准。”潘石屹，您怎么看？,1,0,FALSE
天天闹的还有没有什么谱了自己的事都没有管好,0,1,FALSE
长期招聘淘宝兼职，时间地点不限，有意者可咨询我，QQ：123445569（加我请备注：兼职）,1,0,FALSE
如果马化滕先生确实是因为酗酒而引起心脏病发作的话，他自己当然要对自己的行为负责。但我想说的是：昨天和他一起喝酒特别是强灌他的酒友们，对他的去世你们没有责任吗？如果想想自己昨天硬灌了他几杯酒？当他说不喝的时候，诸位是劝停还是劝喝了？我奉劝所有强灌别人喝酒的人记住：住手与住口！,1,0,FALSE
白宫官网消息：吉利德公司的瑞德西韦明日（2月3日）开始在中国临床试验。经特朗普总统特批，同意将该药物专利豁免，向中国紧急公开药物分子结构。至2020年4月27日，允许中国仿制此药用于治疗冠状病毒患者。,1,0,FALSE
"胡同魂：2013年北京什刹海即将开始拆迁！16万平方米胡同被以数十亿元授权给拆毁""北京胡同之根""砖塔胡同的天恒集团进行开发.该项目总投资达83亿,天恒集团获得40亿贷款后还面向港商招商.今年什刹海即将“拆迁近百户”（涉及已经翻修一新的白米斜街和烟袋斜街）。",1,0,FALSE
求证实！！！！！平安马明哲已逃亡国外，据传中央某官员母亲持有平安两亿多美元股份，北京所有外媒、英文媒体都收到材料。内容相当厚实，有事实、有依据、有时间、有地点、连国内审计报告都有。。,1,0,FALSE
每天学点儿心计学:推荐MV《南京1937》，向这样的艺人致敬！,1,0,FALSE
同事与男友分手，做出了一个很奇葩的举动，他登陆了男友的QQ，给好友里每一位女性发了一句话：我分手了，因为我发现我爱的是你！！这里面包括认识的不认识的同学同事朋友等等。发完后她淡定的退出，用自己的QQ给他前男友留了个言：作为前女友，我只能帮你到这了……... ,0,1,FALSE
秋天到了，冬天还会远吗？未来的“文化部部长”兼“二人转转长”山本大叔昨晚已被控制，清算倒计时。拔出萝卜带出泥，洗都洗不干净啊。。。。。。,1,0,FALSE
荣光的一位是谦虚客气的志龙！,0,1,FALSE
信任，就是这么建立起来的，好有爱！！！,0,1,FALSE
这笑声太魔性了！根本停不下来！,0,1,FALSE
京城四少：内地有不少喜欢和女明星传绯闻的富二代，其中几个年轻帅气的被戏称为“京城四少”，即京城四少汪小菲、汪雨、王烁、王珂。汪小菲，“俏江南”集团老板张兰的独子，生活奢侈，喜爱名车。和章子怡传过绯闻，张雨绮曾经是其公开女友，目前已同台湾女星大S...O,1,0,FALSE
再次勾起人们对96黄金一代的回忆。1996年NBA选秀大会带给球迷不可磨灭的记忆：阿伦?艾弗森、科比?布莱恩特、杰梅因?奥尼尔、雷?阿伦、史蒂夫?纳什、斯蒂芬?马布里……96黄金一代一一告别，他们缔造的篮球传奇，球迷永远铭记！,0,1,FALSE
太穿越太欢乐了。各国君王代表队出场，导演杨洁致辞，剧组全体演员大联唱，唐舞，马德华小品，唐僧独唱，金池长老相声，赵丽蓉戏曲小品等节目，让你过足西游瘾。全集在线：【1987年...,0,1,FALSE
:每次看到这样的你，都好心疼！拜托一定要照顾好自己！??????Bigbang权志龙公共主页,0,1,FALSE
爱从来都是相互的，只有索取，终会枯竭。,0,1,FALSE
朴三岁小盆友扑闪扑闪的大眼睛~,0,1,FALSE
谁谁谁--薛莉22:16发微博称：著名作家六六于2013年6月6日晚上21:00突发心脏病，被家人人送往上海长征医院抢救，最终因病情严重，抢救无效于当晚22:00宣告不治病逝！,1,0,FALSE
网友说三年了，朋友从5个，变到7然后再变到9，心疼,0,1,FALSE
哈哈哈，笑疯了！看一次笑一次，根本停不下来,0,1,FALSE
跳进仙人掌里是种什么感觉？这位外国小哥体验了一下。。。（这里是美国）,0,1,FALSE
被消防员救出的猫，眼神已说明了一切,0,1,FALSE
今年4月1日是张国荣逝世十周年，其生前好友兼经纪人陈淑芬将宣布一个保守了十年的秘密。据媒体报道，张国荣系他杀，当时警方在香港旺角将犯罪嫌疑人周峰国抓获。香港警方称，当时抓捕活动只用了两个小时，且掌握了大量证据证明张国荣是周峰国所杀。,1,0,FALSE
生命在于运动，舞台上的舞者、要不是有人从中解释，你敢相信自己的眼睛吗？原来是祖孙二人，感谢她们用绚丽多彩的舞姿展现给观众。亳州・利辛县魏长胜微谈的微博视频,1,0,FALSE
我操吓死爸爸了居然还有这种店！,0,1,FALSE
1象棋：中国政治象征，一切为了保帅；2麻将：中国国民象征，彼此算计只为自己成功；3围棋：中国思维象征，一切都是非白即黑；4军棋：中国官场象征，官大一级压死人；5杂技：中国现状象征，折腾来折腾去都是维稳；6武术：中国军事象征，架式吓人，没见谁制服过谁。,1,0,FALSE
也许有一天，我们都会犯错，我们要约好，吵架的时候告诉自己，错误是短暂的，错过却是永远遗憾的。,0,1,FALSE
朱昱，四川成都人，作品常以人体、生物、尸体、动物为创作材料，中国最具争议性的行为艺术家。在《献祭》这个艺术作品里，朱昱用自己的孩子(四个月大的胎儿)去喂食一条狗。首先找合作女人，怀胎四月引产卤熟后喂狗！――提醒各位别点大图。,1,0,FALSE
??????：主人的数学肯定是体育老师教的……口水都流出来了。,0,1,FALSE
心理学博士张怡筠：不管这个人再有钱，长得再帅，只要他喜欢抱怨，你赶快谢谢他，祝他一辈子幸福，并再也别跟他联系了,0,1,FALSE
"TakinginthatbeautifulShanghaicrowdwithgypsymoonshine,melanienyema,clareturtonderrico,eliottenicoleSostokedtoplay2morehere!-",0,1,FALSE
李白才是真正的预言家，，李白，你这么吊，你家人知道吗？,1,0,FALSE
20130720华龙网华龙娱摆摆报道：新剧曝光首版预告片场面震撼剧情虐心--视频频道(时长01:43）,0,1,FALSE
又来一个凶残的！热门微博排行榜，我王一不小心占了三个位置胖兰你真是在用绳命屠榜！冯绍峰,0,1,FALSE
尼玛，太贱了！没有一点防备的二连击，绝逼友尽了。。,0,1,FALSE
榴莲，也许你都不知道榴莲是如何生长的，没见过榴莲花是多么娇艳动人。好奇博士,0,1,FALSE
哪怕恨到想杀了你最后还是想抱着你爱你痛就痛在这,0,1,FALSE
前方高能，蒙古的羊来了！完整讨论戳：虎扑的步行街的微博视频,1,0,FALSE
八月六观音诞宜日行一善。提早出门。鼠勿粗心大意，牛利出门，忙碌，虎利签约，开会顺利，兔宜低调，多矛盾，龙宜把重要~下来，蛇容易生气，R容易破财，羊勿争论宜先耐心聆听，猴注意上司关糸，u跑砼苋ィ琐碎事多，狗注意和伴侣不和，i不宜揭，慎言行。周一二上海，周三至周日广深州深圳香港,0,1,FALSE
今天下午，在渭南市华州区高塘镇政府院内发生一起跳楼事件。据知情者介绍，疑似一对六十多岁的老夫妻在寻求政府帮助时，不知何因？双双倒在镇政府楼下，生死不详。视频中，疑似一穿制服人拍照...求补充，求真相？陕西渭南公安渭南发布渭南宣传绪刚观天的...,0,1,FALSE
如果有这样一只猫咪，也想偶尔生生小病呢,0,1,FALSE
福州北路福辽立交桥北向南于姑庵路段拉石头别撞在马路边……今早必堵……从这走的早走或者绕路吧……青岛交通广播FM897,0,1,FALSE
今天，我想向大家介绍几位少数民族的警察。,0,1,FALSE
叠衣服想到个事儿，前两年跟我妈逛街的时候，相中一件双排扣的风衣，我妈摇头不让买。等我们走远了，我妈告诉我原因：“瞅那两排大扣，跟猪奶子似的！”这句话导致我现在对双排扣的衣服仍然心有余悸。（via稳稳的蜗牛）,0,1,FALSE
在这个高贵的国家里，菜贵伤民，菜贱伤农。是因为从农村到城里，一路路过了敌占区吗？,0,1,FALSE
近日网传一则视频称，江苏四名妇女轮流掌掴一名小保姆，小保姆来自农村，被打原因是给老人喂饭时老人嫌烫经查证，视频所反映事件于今年3月发生在江苏盐城市，被打者系一名未成年少女，打人者为被打者的前男友的现女友（有点绕），对该事件的具体处理结果可咨询盐城警方。平安江苏...c,0,1,FALSE
24日，佛山顺德龙江一小区内，一女子遛狗时未牵狗绳，她的泰迪突然扑向一只金毛被一口咬死。这女子叫来4、5名男子，用木棍、千斤顶等将金毛打死。目前，其中一打狗男子已被依法刑事拘留，警方正对该案加紧调查处理中。时间新闻视频的狗咬狗导致“悲剧”，为何不给“儿子”戴口罩？,1,0,FALSE
方才截了张图，共赏共赏宋海涛-汽车与你估计是临时工了,1,0,FALSE
不是…这群人是怎么想的…脑残？,1,0,FALSE
广州一中49届校友叶铭业上月在美寄信回校寻初恋：50届李淑琚。两人当年互定白首之约，惜造化弄人，他因战火被迫远走，她在信中说：我会等你。后叶老多次回穗寻找未获。他说，但求有生之年能再见她一面。现寻人仍无果，如有信息可私信本报！为了这份牵挂，扩散！,0,1,FALSE
这就是厨房，你看不是有个门能出去的嘛，出去那里打开的那个窗户就是卫生间的窗户，专业人士报大腿求设计！halou旧家,0,1,FALSE
今日资兴市交警大队几协警未开单据就扣走一台价只千元的旧摩托，赎车时粗算罚款保险得花二千来块钱。纳闷，豆腐岂能卖肉价？后发现交警队内有个卖旧车的小店，恍然大悟！原来你不赎它就卖。祝陈江警官，生意兴隆、财源广进！御史在途郴州市交通警察支队,1,0,FALSE
在网易博客日志《南京法官:&quot;医生离开医院就不可...》中发布了评论“应该修改这个法律。李芊医生没有错，若李芊医生当时不帮助那位产...”O,1,0,FALSE
"瑞典研究:如果夫妻中有一人每天上下班路程花费45分钟以上,回家时就会因过于疲劳而无法分担家务.而另一方会有被忽视的感觉.冲突便逐渐增加;那些要花很长时间乘车或驾车上下班的人和配偶离婚的可能性比其他人要高出40%..上海离婚率全国排名第2,高达38%;再看看拥堵程度,准阿!!!",1,0,FALSE
踏入社会你必须做到的九件事。,0,1,FALSE
东论网友“SMITHWANG”发帖：出来吃个饭被某店里的一幕惊到，听店里其他客人反映，美团外卖员因订单快要超时，催促商家出餐引起商家不满。而对外卖员破口大骂，双方发生口角，后来矛盾升级引发双方动手。宁波这点事的微博视频,1,0,FALSE
金溪县景湖花苑黑社会带几十个人来白马路象山学府这里强行拆路，，老人躺在地上，，我们打110，120没有一个过来救人的都没有，还要我们自己送去，，政府人声称：知道这个事，不归他们管，叫我们自己去跟当地镇长谈，，。大家帮帮忙，转发出去，谢谢！小燕子的名...|抚州・秀谷...,0,1,FALSE
1988年冬，上海一起火灾，母亲抱着3个月大的女儿被困4楼窗台。一名消防员抱着女婴往下爬，电线打来他触电摔下，坠地瞬间将女婴搂在胸膛。她平安，他却粉碎性骨折……如今女孩学成回国，几经周折找到救命恩人陆玉明，只为亲口说声“谢谢”！,0,1,FALSE
暴躁老姐，买单时被插队，直接重拳出击不正常人类调研中心的微博视频,1,0,FALSE
我市某商场某饭店，一个四岁的小女孩被打的全部视频，是非公道，自有评说～,0,1,FALSE
江苏宿迁62岁的林兰松老人，家里有块石头，是上一辈耕田时偶尔捡到的。最近，林老汉把石头拿给考古工地的专家瞧，没想到小小顽石竟是距今至少4000年的石锛，属新石器时期文物。林老汉决定将它无偿送给宿迁市博物馆收藏。为林老汉点赞！（央视记者吴睿）,0,1,FALSE
只想下车问个路，却被愤怒的村民当成人贩子围殴至死……听信网络谣言的村民，为了打击“拐卖儿童团伙”滥用私刑，这不是正义，而是疯狂的谋杀啊！,0,1,FALSE
据微博位置：日前，江苏常熟一辆白色本田车掉进尚湖，从车内下来两男子均未穿衣服，疑玩车震不慎掉入河内,1,0,FALSE
"张玲，女，今年20岁，因突发亚急性肝衰竭，住院两周，病情严重，已报病危，目前急需0M血液进行血浆置换，才可挽救。但张玲的血型是被称""熊猫血""的Ｒｈ阴性Ｏ型，属于非常稀有的血型，医院希望大家能在短时间通过网络等一切途径将这个消息发布出去，以寻求更大范围帮助！联系方式：13948110961",1,0,FALSE
黑旅行社黑导游扎窝云南这是不争的事实，云南某些部门不作为这事都见怪不怪了，女子在丽江遭暴打了，只能发微博求助，这真是一个报警不如发微博的世道,0,1,FALSE
精确到每个科的排名，细心的你请保存一份，以后自己或身边的亲友可能会用到！！！,0,1,FALSE
2017年10月1日晚，拉斯维加斯露天音乐会上发生了枪击后，第二天德州就变成这种画风了……,1,0,FALSE
一张63套房离婚协议书在网上疯传，其中50套归女方所有，13套归其20岁的女儿所有。而且，协议书属实。这属于个人隐私，净身出户的男人有担当，很多女人都想来一打PS：此类结婚是重大资产重组，离婚应该也不是为了买房！,0,1,FALSE
昨天果然被举报了，天地良心我可一句脏话也没说、一个谣言也没造，只是说出了客观事实不小心上了个热门广场而已（我都不知道这么好上），小汤圆这么玻璃心听不得真话的吗？,0,1,FALSE
据网友称在厦门镇邦路，下雨天时一老人家不小心摩托车撞倒一女子，女子的iPhone6plus掉到地上屏幕碎了，女子让老人家赔，老人家说我知道撞到人赔钱是应该的，但真的没钱。女子扇了几巴掌，还让老人家跪在雨水里…,0,1,FALSE
德国劳工研究协会调查显示，一周超四次性生活的人的平均薪水，要比一周只有一次的人高3.2%。同时在调查了7500个德国家庭之后，发现，性生活更多的人，也会更快乐、更健康、更性感。这一结果使没有性生活的低收入人群黯然失色。,1,0,FALSE
18日，武进一对卖煎饼的老夫妻的孙女失踪了。20日，警方发现孩子尸体被埋在失踪地附近的绿化带里，嫌疑人是常来买煎饼，并带孩子玩耍的熟人。孩子爷爷伤心的称，孩子平日除了在幼儿园，就是跟他们在饼摊上帮忙或玩耍…(现代快报),0,1,FALSE
孙小宁在三月_:全国人口普查最新结果公布：惊人！网上接连爆出“房姐”、“房妹”、“房叔”、“房婶”事件后，公安部对“房事”涉及的户籍管理问题展开彻查。经过全国56.71万管理户籍的民警48小时彻夜核查，发现重叠户口3.5亿多，其中最多的一人同时拥有176个不同城镇的户口。,1,0,FALSE
网警暴雨雷霆快评：冠亚凯旋门超市老板折辱卖菜老人一事已经偏离了道德谴责的轨道，如果人肉搜索、曝光隐私、PS恶搞甚至骚扰威胁就是这座城市的正义，那实在有愧于满街都是圣人的美誉！⊙投票表态：,0,1,FALSE
一条裤子穿两年，一瓶洗面奶用三年。。。,0,1,FALSE
网友爆料：手机3月1号晚上在吉林坐出租车手机丢在车上了，然后我给司机打电话司机之前接了两个然后就不接了，我就开了手机定位。然后不知道为什么定位不到了，我就想着丢了也就丢了，结果今天给我发了条短信说是抓拍到了捡手机的人的照片，现在地址在长春。,0,1,FALSE
我说一个人的时候就不能好好的玩耍吗？,0,1,FALSE
偶是一只nicepuppy，求包养，求关注，求粉丝！,0,1,FALSE
一个人都无趣，两个人怎会有意思？,0,1,FALSE
今天的天府广场仁和春天，，,1,0,FALSE
娘的，不爆受不了，尽量少爆点,1,0,FALSE
原来在年轻时，我们都曾知识渊博！！！,0,1,FALSE
