content,label,title,subtitle,predicted_label
现在科学家都这么闲了吗?谢谢你告诉我这么重要的结论啊！（转）,0,,#乐享时光#,1
未来世界无法想象，一切皆有可能！时代在改变、如果你不去改变、只能等着被淘汰！美国????最新机器人老婆Alice艾丽丝面世，按21岁姑娘打造，与真人相似度99%，售价十万美金，终身软件升级和保修。上海悦来汉蓉的微博视频,1,,,1
哈佛大学最新研究成果表明，连续5天给大脑做20分钟电击，数字推理运算能力可提高28%。研究者称，他们所用的电流很轻，相当于5号电池，被电者不会有任何疼痛不适。他们希望将这项成果在世界各地中小型推广，帮助那些数学不好的孩纸。via微天下,1,数学不好？电击一下试试？,,0
①“基因剪刀”CRISPR基因组编辑技术②新视野探测器近距离飞过冥王星③脑内也有淋巴管④用酵母合成阿片类止痛药⑤量子纠缠状态获证实⑥地幔柱存在证据⑦研制埃博拉疫苗⑧改善心理学⑨新古人种化石⑩早期美洲人来自亚洲。你感兴趣的是？,0,不明觉厉！《科学》评出2015十大科学突破,,0
据扯，新浪即将发布新规定：即将开启最近来访功能，只有你付费成为微博vip，就可以不把你显示在别人的“最近来访”里。,1,,#如果我是新浪，就这么干，赚翻了#,0
“媒体融合链，版权价值链”。由新华社中国搜索研发的“媒体融合链”区块链版权平台，近日正式上线。作为国家版权局“版权保护新技术研究推广站点”授牌单位，中国搜索此举旨在打造融合、协同、创新的版权新生态，助力提升媒体版权价值。详戳：...全文,0,“媒体融合链”来了中国搜索赋能版权保护,,0
XP/WIN7系统都会默认限制20％的网速，我们可以很轻松地解除这个限制，使你的上网速度达到100%，真正地体验冲浪的感觉~！本教程仅供技术交流，喜欢赶紧转走吧！学电脑，请关注黑客是这样练成的,1,别怪网速太慢，只怪自己不会调网速！,,0
德国的科技农业，全世界都震惊了！牛！,0,,,1
全面屏手机时代即将到来。如此一来前后指纹已成为过去式，所有手机设计上又将站在同一起跑线了，大家觉得屏幕内指纹解锁帅不帅？秒拍视频,0,vivo隐形指纹技术正式亮相,,0
在百度搜你想看的片名或者主角，后面加上torrent，找到的全是种子。我会告诉你在百度文库的wenku前边加wap就能复制文档吗，我会告诉你在优酷播放页youku后加xia就能直接下载视频吗，我会告诉你在土豆视频链接后面加?tid=-1就可以跳过45秒广告吗。别逗了，我可不是雷锋！！,0,,,1
今天，我国ARJ21新支线飞机从上海飞往成都，正式交付给成都航空公司。这是继11月2日C919大型客机总装下线后，我国航空工业又一重大突破。标志着国内航线将首次拥有自己的喷气式支线客机！中国，加入了世界商用飞机的家族！为中国点赞！,0,国产首架ARJ21支线客机今交付,#民生#,1
工程院中药院士李连达发文谈丹参滴丸在美国临床III期试验的惨败网页链接,0,,,0
我国自行研制的机器人美女，超过世界上任何国家，在上海庆祝祖国70年之际。表演舞蹈(一条大河)先睹为快，快看并转发吧。董郎行的微博视频,1,,#我爱你中国#,1
"法国喷气滑雪冠军FrankyZapata发明的喷气动力“悬浮滑板”FlyboardAir，最高能飞超过10,000英尺，时速可达150千米/小时。震惊全世界！有木有一种外星技术入侵的感脚？美国疯传的...",0,“飞行滑板”真的可以带你上天！,#空行飞行器#,0
搜狗浏览器存在重大安全漏洞，危及网银、邮箱等账户密码安全。记者电话采访招行、建行、工行等多家银行，相关银行客服部门回复称，目前已经把相关情况反馈给有关部门。此前已经有媒体报道称，此次搜狗浏览器被曝存明显漏洞有可能危及数千万网银账户的安全,1,三大银行称已将搜狗安全漏洞反馈给相关部门,,0
我们的院士制度就是个笑话，它配不上屠呦呦先生。屠呦呦是世界顶级女科学家，于2011年9月，发现青蒿素，有效降低疟疾病患者的死亡率，拯救了世界上数百万人的性命。网页链接,1,,,0
酸辣粉的9种不同做法，赶紧get起来，转需！,0,,,0
诺奖评委会秘书长沃尔本-林达勒：全球97个国家与地区的33亿人口仍在遭受疟疾威胁，70%的非洲疟疾患者应用青蒿素复方药物治疗。“屠呦呦不论是从学术上还是生活上都是一个很了不起的人。作为获奖人，她的经历是独一无二的。”祝贺，致敬！,0,诺奖评委：不论学术还是生活，屠呦呦都是很了不起的人[good],,0
罗昌平：新冠疫情以来，几位院士丑态百出：有的谎话连篇，有的如门外汉，有的客串公关念错稿子，感觉院士名额就是各种既利集团分猪肉一样得来的。屠呦呦先生拿过诺贝尔医学奖，虽说科研经费分配可能吃亏，但晚节比头衔更重要，不要也罢！,1,,,0
预计有此功能后，会出现以下不和谐现象1：男女盆友发现，你答应ta不再来往的人，竟还在微博上频繁互动2：原本把微博当吐槽树洞，结果被吐槽对象从你们共同朋友滴微博上顺藤摸瓜抓到你3：穿马甲开的微博失效，访客给你做了实名认证4：大家群体呼吁微博请留一点…我点评了,1,,#最近访客#,1
你要是嫌你们家网速慢你可以调啊！谁拦着你了？5分钟搞定！（转）?推荐关注生活点点通,1,,,1
微博悄悄关注功能是有bug，发现悄悄关注你的人其实很简单。点开“我的粉丝”，上面写的是按关注时间排序。你改选成其他二种，然后慢慢翻你的粉丝。关注你的粉丝上面有√号，而偷偷关注你的粉丝没有对号。粉丝少的同学有福了，快快找找谁偷偷关注你吧。我找了半天，发现有俩关注我，还是男的。,1,,#技术贴#,0
一不小心，删错了，还把回收站清空了，咋办啊？只要三步，你就能找回你删掉并清空回收站的东西！！！这个要留着哦！,1,删错文件，并且回收站也清空，如何找回！,,1
太空农场、水回收、氧气生成……为了生存，马特达蒙在火星上整出了各种妖蛾子（雾），然而这些黑科技，其实早就不是什么科学幻想了→_→,0,《火星救援》中真实的NASA科技,#如何不死在火星#,0
一不小心，删错了，还把回收站清空了，咋办啊？只要三步，你就能找回你删掉并清空回收站的东西（转）,1,删错文件，并且回收站也清空，如何找回！,,1
1943年加入飞虎队，对日飞行作战800小时，击落5架日机，4次成功飞越死亡之线，自身也曾被击落过3次，都死里逃生。1949年收到家书，当年12月辗转从香港到北京，任职南苑机场教官。大难不死的他却没逃过1950年镇反运动而入狱，74年方才出狱，一代飞虎，沦落到蹬三轮车养老的地步……,1,吴其轺,,0
美军夜间空袭ISIS地面武装力量。视频显示，通过红外夜视加上激光瞄准定位，进行近距航武定点射击，如同打游戏一样，逐一对地面人员加以清除。视频还显示，目标十分清晰，打击目标似只针对人，特别是携带武器的人员，而对妇女，房屋及牲畜并未攻击。O网页链接,1,,,1
今晨九点多，广东汕头市护堤路赤窖路段有飞机失事坠毁，击中房屋致大火，4人被困，其中1人自行走出，3人受伤已经送往医院救治，驾驶员已跳伞逃生。目前火灾已被扑灭。据最新图片判读，广东汕头坠毁的飞机疑似为歼击机。喜欢请关注神秘巫术,1,广东汕头飞机失事坠毁疑似为歼击机,,1
你对的态度是？白羊悦心的微博投票,0,,#台湾新竹空军基地内直升机坠落#,0
阿塞拜疆的米格-25与亚美尼亚地面防空系统的对决苏占军_不舍斋主的微博视频,1,转载,,1
截屏！！！郑州晚报：律师称李天一第一个与女子发生关系不构成轮奸。连纸媒都发了，真的有这种法律条文吗？哪位律师给科普下吧！迟夙生律师袁裕来律师,1,,,1
“把ISIS控制区的边界，刷上一层厚厚的猪油，他们就跑不出来了，然后再集中火力歼灭！”——最高司令官,0,,,0
「你打我一拳，我踢你一脚。」这叫比例原则。如果我踢你100脚，就不符比例原则。小回回干西方人，最多一次是911，不过3000人。从此每次几百人而已。反过来看西方人对付小回回，光在轰炸上就超过3000人的100倍、1000倍、10000倍，西方媒体从不指斥这是滥杀无辜，比例原则给狗吃了。,0,,,0
CNN报道说！马航370是被马来西亚皇家空军击落的！平行宇宙K猫大，你英语好，去看看CNN主页，求核实啊,1,,,1
希望呆蛙有事，希望善良的人没事，希望蔡蔡刚好路过??,0,,#台湾新竹空军基地内直升机坠落#,1
你救我性命，我陪你余生！汶川地震19岁兵哥哥救出12岁的女孩；10年后女孩：你该来娶我回家了！军人之家的微博视频,1,,#中国军事#,1
以色列军事情报网站DEBKAfile7月2号报道，美俄核潜艇在阿拉斯加海底爆发冲突，俄潜艇发射鱼雷击中了美国潜艇，美国副总统彭斯取消了原定在新罕布什内尔州的活动，被紧急召回白宫。,1,,,1
7月25日，贵州榕江县长、公安局长带领武警、特警等400余人，到车江乡某村非法征地，不料千名村民操起镰刀、锄头、粪桶对抗，县长被妇女们泼满大粪，不少武警也变得臭不可闻。现场杀声震天，犹如未日星球大战！,1,县长领兵来征地，逐被村妇猛泼粪,,0
据外媒透露，某国最大最先进的军舰——现代级驱逐舰近日在东海训练时，其弹药库因触礁被点燃导致全舰爆沉，3000余名官兵全部葬身海底。某国政府封锁了消息，但是有图有真相！每年那么多军费都花到哪去了？！被称为腐败透顶的北洋水师当年也没这种荒唐事情，就这德行还想夺回钓鱼岛？！,1,,,1
转：李天一翻案成功！刚刚得到的消息，三里屯酒吧老板被警方带走，警方开始对酒吧进行卖淫调查，李天一等五人有望立即由被告变为证人，最快周末出狱！——梦鸽今天可好好睡安稳觉了，不得不说：梦鸽真伟大——能把白弄成黑，把黑弄成白——不愧李将军夫人——“但使龙城飞将在，不教胡马度阴山。”,1,,,1
今天，俄罗斯总统新闻秘书佩斯科夫向媒体表示，在巴黎气候大会举办期间，俄总统普京不会与土耳其总统埃尔多安举行会晤。佩斯科夫还表示，目前普京的日程表上也没有安排任何与埃尔多安的接触。（央视记者薛冰）,0,俄总统秘书：巴黎气候大会期间普京不会与埃尔多安会晤,#土耳其击落俄战机#,0
程银宝，92岁，民国天门县长千金：19岁入国军投身抗日战争，冒枪林弹雨与日军厮杀，后腹部中弹致终身不育。49后因抗日经历屡遭批斗迫害几乎丧命，晚年住在几平米窝棚，无水无电无低保。老人说：我快要死了，只想有件新衣裳，可领导叫我去跟国民党拿！闻者催然泪下。,1,最凄凉的抗战女兵,,1
高军:军区副司令很牛逼，儿子在境外药迷性侵女士！老沉,1,,,1
据联合国安理会刚刚以15票赞成一致通过决议，促请有能力的会员国根据国际法，在叙利亚和伊拉克境内受“伊斯兰国”控制的领士上，采取一切必要措施，特别防止和打击伊斯兰国和胜利阵线的恐怖主义行为，摧毁它们在伊拉克和叙利亚相当多地方建立的庇护所,0,联合国通过打击IS决议,,0
朝鲜日报最新披露中日军力对比称：日本空军自卫队飞行员每周平均飞行训练为168小时，这一训练时间是中国空军的4倍。日本虽然没有核武器，但是拥有先进的核技术，一旦发生战争组装一枚核武器的时间只需要4小时，而中国导弹从内地发射打到日本本土需要4周时间。差距明显，这就是中国只敢抗议的根本原因。,1,,,1
李天一因是第一個強姦女子的人，遂以強姦罪而不是輪姦罪批補，而輪姦罪的判罰比強姦罪重的多。李天一76人龐大律師團表示，這是律師團共衕努力的結果。你們有設麼話說？沙壁老百姓們。,1,,,1
美国派出35艘医疗船，每艘船上都有1000到1500个病床和其他设施。这是人类与病毒的一场你死我活的战争！没有退路。加拿大·西门菲沙大学,1,,,1
今年我也是蛮拼的，上半年去的中途岛号航母，下半年去的珍珠港。但很遗憾，在珍珠港没能登上密苏里号战舰。理由竟是拒绝中国人参观！那是一个美国人纪念烈士的地方，曾经多个中国旅行团在里面说说笑笑。多次警告无效，只好取消了中国人参观资格。几时中国人能安静下来？学会聆听，学会感受，学会静修,1,,,0
李天一律师团队:“李天一因第一个与女子发生性行为，不够成轮奸，只构成强奸。”这是什么逻辑？是好无办法的强词夺理么？简直侮辱了学法人的智商！张起淮我在这里:2成都·四川大学,1,,,1
演唱的殷秀梅女士和蒋大为先生，都是美利坚合众国公民，美国国籍，他们两个还是现役中国大陆军人。我只能说，这他妈的太搞笑了。。,1,,,1
现实版抗日神剧房子将被拆光，老田头怒了，他曾自制土地雷对付日本鬼子，于是再制地雷保护自己的土地。老田头的地雷战炸毁两辆铲车却没死人，因为老田头不忍伤害同胞。工程停了，干部上门劝阻，可老田头说日本鬼子老子都不怕，还怕这帮小流氓。领导没法，请上级派工兵扫除所有土雷,1,“地雷战”反拆迁,,1
美国的潜艇和俄罗斯的核潜艇在阿拉斯加发生了冲突,1,,,1
2608，一名巴勒斯坦自杀炸弹手在进行恐怖攻击时，被以色列士兵即时射杀，回教徒在取回他的尸体后，就迫不急待的利用死者的尸体进行示威抗议，可是却没有把杀手身上的爆炸装置除掉，结果就发生了。。。。。。,1,,,1
中国海军徐州号受创，程度不明。海监船当场沉没一艘，潜艇安全返航。目前双方人员伤亡情况不明，但钓鱼岛已被中国军队控制。中国东海舰队、济南军区、南京军区、福建军区已进入紧急战备状态。,1,,,1
■俄罗斯：失联客机在美国印度洋基地迭戈卡西亚岛！-俄罗斯媒体称，俄军方不愿意透露姓名的人仕说，据他们掌握的信息，失联客机在美国印度洋基地迭戈卡西亚岛，客机藏在机库里，这个新机库是两年前建的，能停B52等大型机体。美国这样做无非就是勒索中国不要倒向俄罗,1,,,1
野外“魔鬼周训练”期间，战士们冒雨在泥潭中练习摔擒、搏击、举圆木...近日，武警湖南省总队直属支队组织官兵开展野外训练，旨在锤炼特战硬功，提高恶劣条件下处突反恐作战能力。点图，你愿为英勇的战士们点吗？,0,泥水之中，他们摔擒、搏击、匍匐前行…[赞],#微镜头#,0
太好了，最好全都死光光!!!日美海上军演发生直升机相撞，造成日自卫队36人死亡-据日本朝日新闻报道17日凌晨日美海上演习时两架阿帕奇直升机发生相撞事故，日本自卫队36人下落不明，日本防卫省正在调查事故原因，自今天下午14点已经发现33具...,1,,,1
法国防部15日晚发公报称，法10架战机，当天对极端组织“伊斯兰国”在叙利亚的目标实施空袭，共投20枚炸弹，摧毁该组织一个指挥所和一个训练营。此次行动与美军进行了协调。（新华社）,0,法国轰炸叙利亚境内IS投下20枚炸弹,#法国枪击爆炸事件#,0
皇军和八路军亲善珍贵史料流出,1,,,1
云南边境果敢出现缅甸军人抢劫。中国武警火速出击云南边境果敢出现缅甸军人抢劫。中国武警火速出击优酷,1,,,0
這就是強國法律!李雙江之子李天一強姦罪被拘捕。李的76人律師團領隊、法律大學副校長張愛國教授對媒體表示，李天一因是第一個與被害女子發生關係，所以不構成輪姦罪，只是以判罰較輕的強姦罪批捕，這是律師團所有成員共同努力的結果在強國輪姦都要第一個上！-原文地址：O网页链接,1,,,1
土耳其总统28日对俄军机被土方击落表示遗憾，同时呼吁与普京会面，这是其首次在公开场合对此事件表示遗憾。土耳其曾拒就击落俄战机表示道歉，俄方对土采取了一系列制裁性措施，包括计划冻结两国免签证安排、暂停军事交往等。,0,土耳其总统首次对俄罗斯战机被击落表示遗憾,#天下#,0
照片为中国人民志愿军阵亡勇士的遗体，第四次战役结束时拍摄于南朝鲜。这次战役美军收复了“三八线”以北的“堪萨斯线”，化解了中国人民志愿军的“春季攻势”（即第四次战役）。此后，朝鲜战争进入僵持局面。来自凤凰网历史：O网页链接,1,真实尸横遍野：第四次战役后美军察看志愿军遗体,,0
联合国安理会以15票赞成一致通过决议，促请有能力的会员国根据国际法，在叙利亚和伊拉克境内受“伊斯兰国”控制领土上，采取一切必要措施，特别防止和打击伊斯兰国和胜利阵线的恐怖主义行为，摧毁它们在伊拉克和叙利亚相当多的地方建立的庇护所。联合国,0,联合国：有能力国采取一切必要措施打击IS,,0
外媒称，土耳其已撤消与中国签署的价值34亿美元的“红旗9”远程防空导弹合约。土官员解释说，土耳其要自行研制远程防空系统。2013年9月，土耳其宣布中国公司中标其远程防空和反导弹系统。但因土耳其是北约成员国，此举引发美国和北约的担忧。,0,土耳其撤销中国防空导弹合约,#天下#,0
美国当选总统特朗普交接团队顾问，叶望辉与本月6日起访问台湾。连日来，叶望辉在多个场合提到，台湾应当主动向美国提出购买武器的项目，包括此前美国政府拒绝出售的先进武器。不过叶望辉的这番表态显然无法代表特朗普新政府的官方态度。...展开全文c,0,特朗普顾问访台呼吁台湾主动提出先进武器项目,,0
1）联合国为周恩来去世降半旗是例行公事；2）邓小平与菲律宾总统没有关于南海的对话；3）西点军校没有人学雷锋；4）飞夺泸定桥是虚构的；5）黄继光堵不住机枪眼；6）邱少云被火烧之前已被燃烧弹击中身亡；7）赖宁没有救火，围观时眼镜掉了迷路烧死的；8）雷锋的照片大多是事后摆拍的。,1,,,1
传说地雷战让日军闻风丧胆，令八路军威名远播！事实却是9个日军在山东海阳驻扎8年，管理全县，日本投降后全部安全回国。2000多次的地雷战，基本是晚上埋地雷，白天挖出来，总共炸死了三个伪军和2000多农民。每次爆炸后警察来破案，英勇无比的八路就逃得无影无踪。——92岁老人张铁回忆录,1,狗屁地雷战,,1
近日美国军舰在台湾海峡航行，中国驻美国大使公使李克新发言说：美国军舰抵达高雄之日，就是我解放军武力统一台湾之时！风之子FC的微博视频,1,,,1
水到屁股位置了，官方说“应该还是原来的试卷。”还用原来试卷合理吗？现在信息这么发达！除非不是全国统考。北京·国贸CBD,1,,#安徽歙县因暴雨高考语文延期#,1
“可歌可泣”的是王同学投案自首之后冷冷说了一句话是“我并不后悔。是他们不让我依靠自力生存！！！！！！”微评：认真读图文字，不要说话！,1,,,0
良心大叔因怒斥幼儿园意外走红：300个孩子3斤肉，这饭我没法做这样的大叔来多点吧,1,,,1
"“考研大军”、”国考大军“、”就业大军""，童鞋们，你们是哪个阵营的？无论选择哪条路都没关系，转发收藏此图，最后几个月就按这个节奏前行！所有在校生都值得参考的日历↓↓↓祝福，转给你身边的毕业生吧！加油！（央视新闻）",0,[话筒]在校生必看：2016届高校毕业生就业月历[耶],,0
眼看就要高考了，预祝各位学子高考顺利！另外有人捡到准考证，有认识的麻烦通知一下：姓名：白娅倩、考点：普宁一中、考场：013、座号：11、准考证号：204101311。联系电话：15935078941。麻烦各位转发一下！普宁论坛2揭阳·普宁万泰汇广场,1,,,1
据说新华字典的最新修正版中，地壳qiao改为地壳ke，阿e房pang宫改为阿a房fang宫，心宽体胖pan改为心宽体胖pang。。。好吧，主页君表示高中白学了,1,,,1
1.现在睡觉的话，会做梦；而现在学习的话，会让梦实现。2.我无所事事的度过了今天，是昨天死去的人们所期望的明天。3.学习不是人生的全部，但学习都征服不了，那你还能做什么？4.今天不想走，明天就要跑了。5.此刻睡觉的口水将变成明天流下的泪水。,1,哈佛大学图书馆馆训,,0
11月22日晚，山西武乡县职业中学部分学生出现腹痛、呕吐等症状，疑似食物中毒，先后有20名学生住院治疗，50余名学生留院观察。事件发生后，武乡职中及时组织排查，县政府分管领导带领县教科、卫计、食药监等部门和医护人员迅速开展调查...展开全文c,0,武乡职中学生疑食物中毒多人住院治疗,#太原新闻#,0
现在学生发育早，挑衅老师表情屌。少家教是必须的，揪着老师头发跑。秒拍视频.,0,,,1
香港大学学生会在??刊登全页广告标题为“致香港人：愿我们以生命回报自由”。,0,,#香港#,1
“出淤泥而不染，濯清涟而不妖…”、“寄蜉蝣于天地，渺沧海之一粟…”这些耳熟能详的名句，后面是什么内容？、、、、…那些年烂熟于心的经典，他们的作者是谁？你还能背出几篇？转起重温！,0,那些年我们背过的经典古文[微风],#全民阅读周#,0
或许你只是对“正义”有误解?孕妇刺Ytt发的博文中常见“正义”两个字。“正义”代表人类社会普遍认为的崇高的价值，主要指的就是具有公正性、合理性的观点，对政治、法律、道德等领域中的是非、善恶作出的肯定判断。而法律是实现正义的重要手段，正义的最低要求是限制任意暴力。“正义”的反义展开全文c,0,,,0
学信网挺有意思的，在这个时间点更新了一个巨“人性化”的功能：需要自己手动输入自己上过学校才能进入系统查询自己的真实学历信息。我可以认为这是在故意给查询学历信息增加难度吗？是在故意阻拦有一部分人查询自己的真实学历信息吗？是在。。。。。。,1,,#苟晶反映被冒名顶替问题正调查#,0
完全没有见过如此的培训机构，那就是中安专升本，它居然交过钱之后，就不问事了，问老师什么时候开学，什么时候签协议，压根不回复人家，气死人了简直！,0,,,0
3月28号，四川师范大学发生了一起命案。4月15日这个案件被公布了，受害者在寝室唱歌，因为吵到室友，随后发生争执。第二天室友买了一把菜刀，等到宿舍熄灯后，室友约他去自习室，随后拿刀乱砍，医院鉴定死者为头颈离断伤致死。太可怕了···...展开全文c,0,四川师范大学在寝室唱歌引室友不满遭砍头,#每日警示#,0
盐城中学出事了，8个男生强奸一个女生还杀了这女生，这是真实的事，视频是昨天的，这些孩子怎么了啊，如此这般的凶残网页链接,1,,#盐城中学#,1
网传开封市某小学一体育老师经常虐打男生，乱摸女生，还威胁学生不准告诉家长，家长知道后非常生气。,1,,,1
学生举报学校雾霾天上课反遭告发陕西官方：教育局干部泄密|学生举报学...以前环保官员遮挡探测器也是在西安，警察“白队长”扣押殴打来抓贼的外地警察也是在西安，为什么乱像这么多？当地的官员出了什么问题？,0,,,0
无人核电推进模块、通用地外天体登陆器、人工重力生活区…令人费解的词汇在“学霸”笔下竟变成一幅幅航天器设计图。南京航空航天大学大一新生丛天舒，利用课余时间绘制这些航天器设计图，“是兴趣，也是梦想”！“学霸”的世界，你看懂了吗？(央视记者徐大为),0,不明觉厉！“学霸”手绘航天器设计图,,0
调查显示，韩国成年人年平均阅读量为9.2本，是中国的两倍，但与日本的18本、美国的25本有很大差距。因此韩国把全民阅读作为重要的国家战略，采取多种措施大力推广全民阅读活动。,0,韩国人均读书9本仍觉不足大力推行全民阅读,#我们读书吧#,0
今天，一份小朋友的简历在微博上流传开来，简历上的小朋友出生于2013年5月，这份简历是投给上海的一所国际学校，制作得非常精美，里面的内容，也让不少网友惊直呼：输在了起跑线上！这份简历是真的吗？你对这类简历怎么看？展开全文c,0,这份五岁小朋友的简历今天刷屏了！孩子的差距是父母的差距？,,1
感谢室友不杀之恩，某大学学生因室友玩魔兽世界不会躲火将其砍死那么问题来了到底是哪个boss呢,1,,,0
夭折的厦门大学准大一新生！被掉包的高考成绩！！让我们帮她讨个公道！,1,,,1
明明有盖着公章的通知书，学校怎么说没招过？10日，河南农业大学办公楼前聚集了数百名学生“讨说法”。学校称自己也是受害者：该校经管学院与一家培训机构签过专升本自学考试协议，但对方私刻学院公章违规招生收费，非法录取近300名学生。网页链接,0,300新生持“假录取通知书”报到,,0
谁说大学没文化？山东大学齐鲁医院开大会，打个字居然能把“抗疫”打成“抗议”。,1,,,0
昨天北师大两个学生因为一支牙膏的一点牙膏，引发了一场颠覆社会的捅刀事件。小小的私人恩怨，加上用了一点牙膏这导火索，最终酿成这个惨剧。被捅的童鞋住进了中大五院，脱离生命危险。希望这个同学快点康复！详情O网页链接via珠海为伍,1,多谢宿友不杀之恩,#北师大---一支牙膏引起的血案#,1
?转发:帮忙转一下，一名北京三中的学生，叫谢露，13岁，消失几天了，他爸爸的号码是18611098634，或者18210183168，爱心接力，好友们都帮她忙转下，必有好报。转发,1,,,1
河北大学放大招了！同班男女同学可住同一寝室。。(图片来源于网络),1,,,1
高考滿分作文分享：湛江市第一中学，伍广德，男，保送清华大学，高考，全国唯一一个满分作文。写酒，但整篇文章没有一个酒字，却把酒描写得出神入化，倾倒了全部阅卷官，一致给了满分。全文如下，供各位鉴赏。液体之火让你若梦若醒飘飘欲...,1,,,1
朋友捡到粗心小朋友的高考准考证，谁认识通知下，别耽误了高考大事。白娅倩考点市一中考场013座号11准考证号204101311／请大家帮忙互相转发，别耽误了孩子高考！联系电话138-3046-8131转发一下（上海的考生）达人东方体育日报我在:,1,,,1
全国政协委员王平建向党中央建议：取消录取农村小孩上大学资格，不鼓励农村小孩上大学。其认为农村孩子身上有很多坏毛病，农村孩子上大学，城市孩子会被影响，这样城市孩子也变坏！中央必须采取行政手段禁止农村小孩上大学…农村人身上的很多坏毛病，任何一个有文化城里人都忍受不了薛蛮子,1,惊！,,1
据网友爆料：暴雨中来自武汉高校的温暖：中南财经政法大学的老师开着皮划艇，给困在宿舍的同学送去午餐，同学们都非常感动！,0,武汉暴雨导致无法出行！高校老师老师开皮划艇给学生送午餐,#武汉身边事#,1
今天，四六级开考！请再次检查：准考证、身份证、学生证、2B铅笔、黑色签字笔……带上实力，带上信心，带上笑容。为一次过，加油！,0,迎战四六级，必过！[撒花],,1
今天发布，这些变化你该知道：试点自学直考，某些驾照可不去驾校学；约考不再依赖驾校，可自主选择考试时间和考场；驾校不再一次性预收全部培训费…更多↓转给考驾照的TA!公安部交通安全微发布,0,[话筒]驾考新规！以后学车可不去驾校,#驾考改革#,0
12月8日，位于甘肃张掖市的河西学院医学院发生教师吕某让学生互扇耳光的事件。据报道，事件发生后，学院管理层和吕某向涉事班级学生鞠躬道歉，校方对吕某予以解聘，吕某班主任及授课职务由其他人接替，不会调查视频拍摄者身份及追究其...展开全文c,0,央视采访：校方表示加强教育涉事教师后悔自责,#让学生互扇耳光#,0
山东潍坊高新区开心苗苗幼儿园老师殴打小朋友！via读书与健身不可辜负秒拍视频,0,,#吐槽曝料#,0
今年转发丢失准考证消息的少了很多，但是还是在某个群看到了！,1,,#2020高考#,1
美国高二的数学...请用一句话概况你的感受！?推荐关注笑死偶了,1,,,1
山东专升本超话小班面授？保过班协议班？钻石班协议班？租赁环境差的专科学校办学？没有独立校区？压中80%的题？某老师是出题人？某老师是阅卷人？跟教育厅有关系？考前给真题给答案？？,0,专升本机构的坑让我一一破解,,0
"11月10日早上，15岁男童云博因心脏骤停在课堂突然昏迷,抢救无效死亡。而头天晚上他写作业写到12点多,早上6:20起床。父亲写道：爸爸深深忏悔，每天睡眠那么少，还无形中增加你的学习压力……,爸爸知道你累了,从此再也没有压力了。",0,河南南阳15岁学生猝死课堂父亲发文追思,,0
一位自称参加过高考阅卷的教师，近日发帖揭露阅卷中不为人知的内幕真相！如果所述是真，我们不禁惊讶于如此重要的、决定一个学生前途命运的考试，分数竟然在这样的粗放流程中产生！到底有多少学生，是这样被耽误的？？求更多亲历者说法！,1,高考阅卷老师冒死揭露内幕？！,,1
有人问：怎么不设管理员？校长：6人一年30万工资，只要丢书不超30万就值；偷书是受教育不够，多看书多受教育，偷拿过书也会放回书架。年终盘点，原来10万册书变成了10万6千册。不教而诛谓之虐，为什么总有人说中国人素质低？,1,宁波一中学图书馆无门无管理员馆名叫“信任”,,1
14日，网传有教师对自己性骚扰。据该女生爆料，她在吃饭的时候被灌酒，饭后去KTV开始拉着她的手，“右手伸进我衣服里”，又从侧面摸向胸部……对此吉林农业科技学院团委官微回应调查工作正在进行中。学校将及时向社会公布处理结果。,0,女学生举报吉林农业科技学院老师性骚扰,#女学生实名举报性骚扰#,0
"除了双膝跪倒，普通中国人还能怎么办？——为了保住学校，学生家长已经坚持了四天——浙江省缙云县大洋镇中心学校，被纳入“撤并”对象，五六百初中生适龄学童，需走六七十里路求学。记者采访车刚开到现场,村民就跪倒一片——大洋村村民已经坚持四天了。多转发一次就多份希望！头条新闻刘春",1,,,1
高考结束1个月。让大家开心开心。今年新高一的，以后都得考全国卷了，而且不分文理了，九科而已，祝你们幸福！新高二的，会考加大难度和监考难度，会考成绩计入高考总分，祝你们幸福！新高三的，体育加入高考总分，保重。,1,,,1
昨日在江苏人民政府门前，大批警察强行驱散聚集的家长。一家长表示：“就是我们支援了这些名额，这些孩子本来教育水平不高，到好学校未必跟得上，而江苏成绩相对好的孩子可能就要上一般的本科。为什么不从基础教育开始抓起？”,0,江苏家长:就算名额给西部学生毕业后也不会回去,,1
南京某小学学生向当地教育局长写信，请求不要取消秋游，信中用“晴天霹雳”、“气疯掉了”表达秋游渴望。当地表示，近期南京电梯事故致16名秋游小学生受伤，教育局并未取消秋游，目前正完善安全措施，将尽快恢复学生秋游。（中国江苏网）,0,小学生致信教育局长：不要取消秋游,,0
请问暨南大学该邀请是否真实的？如果是，暨南大学是在邀请敌视中国宗教政策的人，这是公然和中国政府唱反调。突破了言论自由底线，突破了国家法律的底线。微型公众号“大鹰”和“大汉之鹰”将做深入跟踪报道。,0,@暨南大学到底为谁张目？,,0
"12月9日,儋州市和庆镇516县道和庆往和岭农场方向2公里处一辆卡车侧翻，卡车液化天然气动力气罐发生泄漏，无人员被困。儋州消防出动紧急救援，联合当地中石化公司2名企业专家成功处置险情。",0,卡车侧翻天然气动力罐泄漏消防联合企业专家成功处置,,0
埃航黑匣子找到视频惨啦??太原气球气象的秒拍视频,1,,,1
六工段化工厂爆炸，年底了大家注意防范！杭州酒醉为红颜1988的微博视频,1,,,1
多角度还原埃航坠机事件，悼念中国女大学生-揣小花儿的微博视频,1,,#埃航坠毁客机8名中国乘客遇难#,1
据天津消防武清支队，今天6时许，天津武清区开发区庆龄大道三星视界有限公司发生火灾。消防部门接警后，立即调集19部消防车及110余名消防官兵前往现场处置。现场起火物质为生产车间内锂电池及部分半成品，目前现场已经报灭，正在组织排烟，无人员伤亡。...展开全文c,0,武清三星工厂起火，无人员伤亡,#天津身边事#,0
大过年买车就买车好好开车啊！郑州林肯4S店试驾车带客户试驾过程中秀车未成功，据说死两个人了。大家去试驾也好，试乘也好，一切以安全为主。其他都是扯淡！,1,,#今日车吻#,1
7月15日、发生在福州六一路和东大路交叉口的惨烈车祸，事故造成一女子当场死亡。脑浆都出来了！惨不忍睹！肇事者逃跑下落不明！（不要问为什么不打马赛克，目击者说疑是部队大车，有遮牌。哪怕你只有一个粉丝、你需要做的就是转发。）大家帮扩散！,1,#福州城事#全国通缉逃逸司机、寻求目击者,#福州城事#,1
台风利奇马最大风力17级。台州下辖的温岭市浙商卢献星的微博视频,1,,,1
昨日，清华大学何添楼231室（化学系实验室）发生火灾，致博士后孟祥见身亡。其弟弟称他们是农户家庭，母亲卖鸡蛋供儿子读书。孟曾到新加坡南洋大学攻读博士，在那里工作供弟弟读博。事发前一晚孟致电家中称下周将赴南京某大学签约任教。,0,清华博士后火灾遇难母亲乡音哭喊,,0
据本台记者消息，地震导致新北市一处变电箱爆炸，引发附近住宅发生火灾，致1死1伤。据统计，这次地震是今年台湾发生的第三起六级以上地震。,0,新北市一变电箱爆炸致1死1伤,#台湾地震#,1
最新消息，慕尼黑警方确认疑似凶手的身份为18岁的伊朗裔德国人，已在慕尼黑居住两年多。——注意，他可能是法律意义上的德国人，不是难民，甚至不是穆斯林。可他的族裔背景，仍然清晰的表明，这依然是一起与伊斯兰国家与中东直接关联的恐袭。,0,,#慕尼黑枪击#,0
有人想等女友跑完马拉松后向她求婚，不料她却惨遭丧生。好好珍惜身边的人，你永远不知道明天和意外哪个会先来。,1,,,1
今晨7点左右，因大雾天气，山西侯平高速S75路段发生一起交通事故，据辖区高速交警称，共有29辆车连环相撞，目前已造成4人死亡5人受伤，事故现场救援清理工作正在进行中。（央视记者胡晓冬崔肖冉）,0,29车相撞！山西侯平高速车祸4死5伤,,0
西湖断桥边突发事件！侯宁的微博视频,1,,,1
到达地震现场看到这一幕，我的心真的好痛，现在的心情我也不知道怎么说，有爱??的为他们转一下吧，为他们祈祷吧！！,1,,,1
感动又被萌翻了，地震发生时，一只害怕的熊猫死死地抱住警察叔叔的腿。我点评了,1,,#四川雅安地震#,1
雅安总人口153万，三星苹果富士康三家共捐款加起来是1亿6000万，平均分给每个人是105万左右。现在还在缺物资，缺钱，各地方各组织各学校还在圈钱。钱去哪了我们不知道，真的不知道该说啥。再加上加多宝集团的一个亿。还有香港一个亿。我只想问。钱呢。给老百姓们的钱呢?,1,,,1
四川大熊猫因为地震害怕的抱住了警察的腿好可爱好可怜,1,,,1
据传这是该航班的最后一分钟飞机内外视频。白林淼的秒拍视频,1,,#埃塞俄比亚客机失事#,1
好血腥的场面，这就是现在的杭州余杭余杭祈求全国人民关注，目前已经导致4人死亡，N人受伤！杭徽高速封道，移动信号屏蔽，里面2万维权群众不能物质补给！媒体集体失声，网络个人帖被删，几十个千人群瞬间被解散！天哪，这到底是一个怎样的社会！！央视新闻新闻89杭州之声,1,,,1
埃航失事客机黑匣子已找到，这是自动记录仪录下的最后10秒钟……人们濒死的惨叫声飞上云端的故事的秒拍视频,1,,#航空那些事儿#,1
看看椒江一桥二桥多严重，在浙江的朋友们小心网页链接,1,,#宁波一村庄爆发山洪#,1
你永远不知道，明天和意外哪一个先来，所以好好把握现在，莫辜负了这蹉跎岁月。做想做的事，过想要的生活，爱想要爱的人……上海佛系背包客的微博视频,1,,#日本台风地震火山一起来#,0
大客车司机不听乘客劝阻，高速强行倒车，全车无一人生还！何天恩的微博视频,1,,,1
网传埃塞俄比亚航空波音737坠机前画面…吉林江城鹏飞的秒拍视频,1,,#热门#,1
巴黎恐袭，举世震惊。恐怖分子是全人类的共同敌人，同仇敌忾，源自人性的自然流露。为巴黎哭泣，也别忘了丽水。浙江丽水莲都区雅溪镇里东村发生山体滑坡，最新消息称灾害已致9人死亡，仍有28人失联。每一个遇难的生命都值得叹息，请把关心与祈祷也给予丽水。,0,人民微评：为巴黎哭泣，也别忘了丽水,,0
今日8点39分左右，河南睢县职工幼儿园的一辆校车与一辆货车在一十字路口处发生相撞。由于受到猛烈撞击，校车所有车窗玻璃破碎，货车侧翻在地。大部分儿童由于受到惊吓不停嚎哭，有儿童受伤浑身是血。目前伤者被送往中医院接受治疗。秒拍视频,1,河南睢县一幼儿园校车与货车相撞现场惨烈,,0
感动又被萌翻，地震发生期间一位警察救起了一只压在木板下的一只大熊猫当警察准备离开时熊猫死死地抱住警察叔叔的腿。如果你感动了，请转发一下把。地震无情人有情，为雅安祈福。,1,,,1
据网友曝料，深圳光明新区红坳村柳溪工业园发生山体滑坡，将工业园整个吞掉了，大概10多万平米，现在还在清点人数，不确定有无人员伤亡。现在所有车辆禁止进入滑坡区域。,0,深圳一处工业园区被曝遭山体滑坡掩埋,#突发#,0
厄尔尼诺是指赤道中东太平洋海温异常增温现象。跟人体感冒发烧一样，大海“发烧”也会造成各种不适，因此需要通过海洋与大气之间的能量交换来改变大气环流和温度分布，“治疗”的过程必然造成气候出现一定的异常。,0,,,0
请看埃塞俄比亚空难最后二分钟视频。闹着玩的微博视频,1,,#波音737MAX8#,1
埃航失事客机??黑匣子已找到，这是自动记录仪录下的最后10秒钟……听到人们濒死的惨叫声深感生命的脆弱与无常。珍惜拥有，活在当下。把每一天当成最后一天去活，勿以善小而不为，用合乎天道、“具体而微”的言行举止，为这个世界持续带去正面的影响??美商婕斯-大中华区招商V的秒拍视频,1,珍惜拥有，活在当下,#埃航失事或因鸟类撞击导致#,1
无锡巨响，据网友反馈金桥某加油站发生爆炸着火，具体伤亡情况暂不明，消防已赶往现场处理，希望平安??，不要有啥伤亡山真在一起的微博视频,1,,,1
在线等挺急的太原尽力不勉强的微博视频,1,,#宜宾地震#,1
据中国铁建，从中国驻马里大使馆处确认，中国铁建赴马里交通部洽谈合作项目的三名员工在马里劫持人质事件中不幸遇难。他们分别是：中国铁建国际集团总经理周天想，中国铁建国际集团副总经理王选尚，中国铁建国际集团西非公司总经理常学辉。,0,中国铁建确认3名员工在马里酒店袭击事件中遇难,,0
今晚，东方明珠亮红白蓝三色灯，向同为WFGT（世界高塔协会）成员的法国巴黎艾菲尔塔表达哀思。同一天里，浙江发生山体滑坡、广西出现罕见暴雨、巴黎遭遇恐怖袭击...天灾人祸前，生命显得如此脆弱！今夜，你愿意与东方明珠一起，为那些逝去的生命，点上一根蜡烛吗？,0,,#夜猫子时间#,0
愿人类远离灾难！向遇难者致哀！李青大夫的微博视频,1,,,1
当地时间13日凌晨，美国纽约皇后区阳边（Sunnyside）皇后大道（QueensBlvd）商业区发生大火，据悉，首先是一家饭店起火，但火势蔓延至周边5栋建筑，视频可见的“回燃”瞬间。（环球华报GCP）环球华报GCP的秒拍视频,1,#纽约皇后区爆炸#多家商铺遭焚毁“回燃”致12人轻伤,#纽约皇后区爆炸#,0
推特账户YourGentleman发推文披露一男子本打算在马拉松比赛终点线向参加比赛的女友求婚，怎料女友在爆炸案中不幸丧生，自此天人永隔。他在推文中这样写道：“这……让人心碎。他本打算在终点线求婚的”。,1,这……让人心碎,,1
印尼坠毁客机前的画面曝光，有人崩溃大哭。突袭手的微博视频,1,,#印尼客机坠毁现场发现遇难者遗骸#,1
网传一段坠机前视频曝光！希望以后永远不要发生此事了??????愿逝者安息！视频转发自网络，看样子不是埃航视频小金养生馆的微博视频,1,,,1
这位戴着眼镜努力往前跑的1035号小朋友，今年8岁。在东部时间4月15日下午2点30分，波士顿马拉松爆炸事件中失去了生命小宝贝，天堂的路没有恐怖袭击，天堂的路可以自由奔跑主页君很伤心很愤怒！！！,1,请为这位小女孩点上一支[蜡烛],,1
重要通知，请各位居民请不要到河边观看河水，接上级通知西岭镇月牙湖垮塌，河水马上冲下来。必要时注意群众游客转移，请大家多注意安全，相互告知。（还有大家不要下河逮鱼了！！）东营cwq淡然的微博视频,1,,,1
真的假的？美国人民太阴谋论了……波士顿马拉松爆炸案的“新闻”演员又被认出来了。被炸掉双腿的这个人是美军士兵，在阿富汗失去双腿。现场视频均是安排好的摄像师拍摄的，所以只看到镜头乱晃，甚至有意朝上拍摄，避免第一时间拍到现场画面，工作人员也好趁乱布置现场……,1,,,1
埃塞俄比亚黑匣子视频，没有空中悬停，垂直起降，飞机很难有相对安全小猴苏西的微博视频,1,,,1
大家还记得电影的开头吗？美国黄石国家公园的火山爆发是灾难的开端，CCTV的新闻里说，美国黄石公园地下超级火山恐临近喷发，而一旦喷发，美国三分之二的国土会被火山灰埋没，并可能由连锁反应带来全球大灾难……,1,黄石公园火山恐临近喷发,,0
埃塞俄比亚飞机失事时，机舱内乘客最后的视频，悲伤绝望的哀叫声，令人心碎??灬黑礼服灬的微博视频,1,,#乌克兰客机在伊朗坠毁#,1
台风海鸥刚过去，又看到报道台风乌鸦还在别处登陆，又准备袭击海南海口，唉，再来次台风，你这是要把整个湛江都给淹了才罢休，你妹的！停止施虐，一个前几天在我眼里如此美丽的地方，现在却如此狼狈，真的很不是滋味，愿再无灾难,1,,,1
1月24日，青阳县一居民驾驶摩托车经过结冰桥面时，不慎从五米高的石桥坠落，青阳公安在线朱备派出所民警迅速到达现场，发现王某脸颊、手腕等多处红肿出血，民警遂为其包扎止血，撑伞挡风雪，协助医疗人员将李某某从河床抬至救护车，让李某某得到及时救助，现已无大碍。,0,民警及时救助一坠桥男子,#池州警事#,0
11月19日，湖南郴州民警执勤时查获一辆酒驾车，当即要求车主下车接受调查。但车主不顾危险打算倒车逃跑，车上六岁女儿因受惊吓大声喊着“爸爸”。车主杨某听到女儿的声音停下了车，随后民警合力将杨某控制。民警对杨某进行了呼气式酒精...全文,0,男子醉驾遇交警查处想要倒车逃逸女儿在车上吓得直喊“爸爸”,,0
揪心。Ryuichi_Sakamoto_的秒拍视频,1,,#埃航黑匣子数据成功提取#,1
据法新社，“圣战”分子在马利首都巴马科市中心丽笙大酒店内开枪滥射，包括客人和员工在内的170人被两名歹徒劫持，其中客人140人，酒店员工30人。俄新社称，至少有5人在袭击中死亡。英国“天空新闻”称，至少有10名枪手被认为参与了此次劫持人质事件。,0,马里首都巴马科一酒店内170人遭两名歹徒劫持,,0
刚从微信朋友圈看来的，这位网友绝对是神推理??。。。这几天天天刷微博看飞机最新进展，马来西亚的反映来来回回真的很恼火，希望早日能水落石出??。。。,1,,,1
玛莎拉蒂女车主醉驾至两人死亡，现在有一种说法，就是女主谭某某有间歇性精神病真心不希望这女的减刑或者轻判,1,,#河南玛莎拉蒂#,1
河南某地一辆载蒜的车掉入沟里，蒜瓣散落地上，路过的群众疯狂抢蒜，不巧另一辆货车又发生侧翻，将捡蒜群众全部压倒，造成8死11伤……——这剧情，真够诡异的……严建设的微博视频,1,,,1
芦山县的灾区照片，伤亡人数已经上百，大家一起为雅安祈福,1,,,1
"四川金沙江大桥垮了!最让官方伤心的是这桥太不争气,居然在没车的时候垮!这还了得,以前桥垮都是车子压的,千真万确是车子压的!桥的质量没有问题。这回没车!尼玛,坑爹啊,太难为专家们了,怎么办呢?是地球引力,还是干湿差异?要么告诉老百姓,大桥轻信世界末日谣言,它自杀了......",1,,,1
金沙江大桥在没车行走的时候自我坍塌，这桥通人性，未伤一车一人，太善良了。应该当选2013年度特别致敬者。,1,善良的大桥,,1
04月20日08时02分祈祷平安！,1,四川雅安发生7级地震,,1
据路透社报道，马里首都巴马科的一家酒店今日遭到枪手袭击，警方已经封锁了现场。另据法新社，酒店方面表示，有两名枪手共劫持了酒店客人和员工共170人，其中客人140人，员工30人。via微天下,0,[话筒]突发：马里首都一家酒店遭枪手袭击170人被劫持,,0
03月30日09时47分在贵州省黔东南苗族侗族自治州剑河县(北纬26.6度，东经108.8度)发生5.5级地震，震源深度7千米。中国地震台网速报贵州综合广播2五环路,1,,,1
网曝广西一水库溃坝，民众本向山破逃命。金箍棒看天下的微博视频,1,,,1
广州南站有位乘客在站台上等车玩手机，一不小心脚挑空题了，掉在铁轨上了，刚好高铁开过来了，被夹到了，真是生不如死啊！所以说快过年了，回家的人出门的人还是，要注意安全！不要老是玩手机，变成这样，后悔一辈子，毕竟人的生命只有一次。深圳樊贵生5977290264的微博视频,1,,,1
法新社最新消息：马来西亚警方对27岁副机长FariqAbdulHamid住宅进行了全面搜查，确信已掌握了可能颠覆马航370失踪事件早前分析的证据。据一名接近马警调查组的人...我在:2桃源街,1,,,1
听说飞机找到了。这消息真假。？？,1,,,1
心理崩溃了！模拟近日的埃塞俄比亚空难最后二分钟视频！坐飞机还是注意点儿好！刀兄的微博视频,1,,,1
受连日降雨导致的泥石流影响，湖北恩施城区供水中断，群众用水问题亟待解决。26日，武汉紧急驰援一批自来水消毒剂，由湖北高速交警接力护航。“我们是湖北高速交警，感谢你们支援恩施灾区！前方即将进入雾区，请谨慎驾驶！”这段喊话让人泪目。当晚8点，消毒剂抵达恩施。风雨并肩，共渡难关，恩施加油！,0,恩施饮用水告急武汉紧急驰援?高速警察护航致敬一段喊话让人泪目,#武汉紧急驰援湖北恩施#,1
有人说这是最后两分钟的视频，有地面拍到的，也有机舱内拍到的，但不知真假中原渔夫的秒拍视频,1,,#埃塞俄比亚客机失事#,1
看看还是心酸那????栾诚敏的微博视频,1,,#埃航空难救援现场#,1
埃塞俄比亚航空班机，157人全部罹难最后关头，飞机堕下，震惊全球当您听到机内所有人的呼喊声??????比你想像中更伤心欲绝安息??????香港特区·红磡香港保险AXA安盛Coco的微博视频,1,,#香港#,1
"刚到石家庄，下飞机，看到一个消息，即使这个是谣言,我也宁愿相信他是真的。为370祈祷！！附好消息:转侯耀华老师发朋友圈消息:""朋友的女儿在英国刚刚看完新闻,说飞机上的人都活着,都活着,说副机长是恐怖分子,飞机在印度的一个岛上,他把机上的导航和信号全毁了,咱国内的新闻还没播。真的？",1,,,1
惊险！游客蹦极失误倒吊半空中，网友：最担心的事情还是发生了…反正我是不敢玩的搞笑二婶的微博视频,1,,#幽默搞笑#,1
没有车辆，没有行人，没有风，金沙江大桥垮了。据说那天太阳很大，晒垮了。,1,,,1
雅安芦山县灾区的废墟中，一个八岁小男孩被救出，但她母亲却保护儿子而遇难，儿子才没有砸到。这个小男孩叫做杨宇杰，他母亲叫杨双梅（音），37岁。伟大的母亲，一路走好！(via鲁国平先生),1,伟大母亲为救儿子身亡,#雅安灾情#,1
蝗虫已经到新疆专家出来说一句可防可控面具人区块链日记的微博视频,1,,,1
心痛九寨沟火花海毁了诺日朗瀑布发生垮塌，”再见了”昔日的九寨沟。美丽的九寨沟，美丽的四川，我们还回得去么？一定会的！,0,,#摄影#,1
"朋友圈有消息说马航是被机组劫持,与政府谈判未果,已坠毁?!真的假的?!",1,,,1
平阳郑楼～男主人在家喷酒精消毒，女主人在家烧火，把房子点着了！酒精消毒，一定注意安全！请大家嘱咐家人，75%的酒精易燃易爆，使用时候必须远离明火！不管是喷洒还是擦地！请大家转发紧急扩散一下，防疫同时注意安全咨询微信15087241805的微博视频,1,,,1
沈阳棋盘山大火??，违规用火者已抓获。沈阳·佳和新城网页链接,1,,,1
我的家乡居然有一天以这一的形式上热搜现在各种逃命通道全部堵死，官微瞒报谎报，毒气每家每户都闻得到，zf好多部门都没有上班了，心力交瘁，刚刚洪水才过，又是化工厂爆炸，到底什么时候才是个头成都网页链接,1,,#五通桥#,1
看看我朋友拍的视频，西安到昆明的列车发生事故了，网页链接,1,,,1
据说福州这栋楼是被台湾327地震给震斜的。,1,,,1
飞机飞机坠落的那一刻，他们内心的恐惧无助……??????李安豆豆的微博视频,1,,#埃塞俄比亚航空一飞机坠毁#,1
有人在等待女友马拉松结束后向她求婚，她却惨遭丧生?有的人守在身边温暖你心间，你却从来没说过谢谢?那些爱那些话，趁活着，赶快说出来?????PrayforBoston????,1,,,1
29日早晨，山西大运高速公路运城到侯马段，距侯马9.3公里处发生特大交通事故，共有47辆车连环相撞，目前造成3死7伤。事故发生后，当地政府迅速启动应急预案，受事故影响运城至太原高速公路封闭，初步调查原因为团雾影响。,0,山西大运高速47车连环相撞已致3死7伤,#突发#,0
2014年11月，中国铁建国际集团总经理周天想还告诉中新社记者，他们刚刚中标的墨西哥高铁项目是真正意义上的第一条中国高铁走出海外。仅仅时过一年，马里酒店袭击事件遇难者名单中，竟出现了他的名字......,0,记者忆马里遇难中国同胞：手机里还有他的录音,,0
就在刚刚，美国出大事了！纽约皇后区发生商业街大爆炸事件，又一次911。美国的电视已经在报道。神魔量合的微博视频,1,,,1
有人说埃塞俄比亚空难最后一分钟视频，有人说这是多年前的老视频，不管是不是吧，对于飞机上的人和他们的亲人来说，都是最大的不幸！人说没就没了！??????老崔说天下的微博视频,1,,,1
某省某地纪委书记汪同志认为网民是暴民是敌人，但他对同是日籍网民的苍井空却是十分的暧昧......纪委书记大人爱憎分明！by网络更多热点新闻请关注新闻坊,1,图中可看出一个领导的情怀,,1
网传其座驾价值百万玛莎拉蒂豪车，而其父-中国红十字会副会长、中国红基会副理事长郭长江不甘示弱，佩戴80万的百达翡丽豪表。“防火防盗防红会”果真没错，屁民的善款都跑到尼玛腰包里去了？郭长江：你敢对天发誓，没侵吞占用过一分钱善款吗？转,1,“郭美美”刚被压下没几天，“郭美男”又闪亮登场,,1
据重庆商报，网友重庆莫若说：他的日产越野车停沙坪坝被“爱国青年”下螺丝，比砸车还吓人。“这些疯狂又愚蠢的傻货！！！要是车主是个毫无经验的新手未能及时发现咋办？这可真的能要人命啊！！”不仅是车主遭殃，路人也会遭殃……请大家理智爱国，勿伤同胞「转」,1,反日，不要坑同胞,,1
多项措施，多个领域，优化基础设施建设，沁水县的十件民生实事深得人心！,0,#微博看两会##两会#看晋城,#微博看两会#,0
三峡工程实现发电收入每年200多亿元，不属于百姓，不属于国务院，属于长江水利股份有限公司。换句话，三峡工程靠全国人民捐款、国家拨款，将留给国人，实现收入归个人所有，归个别官员所有！当年国务院说好的五分钱一度的电去那里了？屏蔽再发！,1,骗纸、谁是大骗纸,#生态灾难#,0
1月14日，“大连卢书记”登上热搜，引发舆论关注。网传视频显示，1月13日晚，大连市金普新区某街道办副主任王某在进入小区时，不服从防疫规定，拒不登记身份证号，还找小区所在社区书记“协调”。对此事大家么看？欢迎大家一起凑热闹，评论，转发，关注更多...全文,0,,#咸宁大小事爆料#,0
最荒唐无耻的的提议！60年后再公开官员财产！人民日报刊文宣称“20年后公开县级，再过20年公开市级。20年公开省级。直到这种方式用到最高层！经过60年，再转为全面实行财产公示。”如此荒唐的提议竟获政府默认！不要说60年，10年后，会发生什么，谁也不敢保证,1,,,1
作为一个正常国家的媒体CCTV应该告诉老百姓：早在上个世纪80年代的时候，当时的日本社会党委员长田邊誠在访问中国的时候就向中方提议修建一座纪念南京大屠杀的纪念馆，并向该馆的建设捐赠了800多万日元。,1,,,1
路透社报道，普京小女儿和其丈夫控制着20亿美元的资产，包括法国一幢370万美元的海滨别墅。这些财富的基础是一家大型天然气及石油化工公司的股份，来自普京一位老友。普京当权15年，身边一些人获得了巨大财富。详见：,0,普京29岁女儿身家20亿美元,#天下#,0
一边是豪华公务员公墓气派胜过天坛，一边是八旬老人遭强拆抱棺痛哭O网页链接O网页链接！老人家，如果有一天，你悄悄离去，请别忘了把宇宙真理和中国梦一起带走，埋进你的棺材里吧！,1,,,1
当事人王某与卢某都受到批评与处置。大冬天的，当事人很“温暖”，把卢书记吵“热了”。志愿者坚持原则应该受到表扬丹东,0,,#小区居委会回应大连卢书记事件#,0
10日下午，温州一微信公众号发布信息称一官员错发“跑官”短信至另一手机用户。经浙江省温州市瓯海区纪委调查，核实该短信系区旅游局党组成员、纪检组长冯某发送，现冯某已被停职检查。(人民网),0,浙江一官员错发“跑官”短信官方：已被停职,,0
转网友曝料，江苏省东海县女镇党委书记徐艳，因不愿陪县委书记关永健上床，竟然被警察毒打致子宫破裂。徐艳一怒揭开6亿贪污大案---东海县石梁河水库水淹地补偿款案，县委书记关永健一个人竟贪污6亿多元。关永健每年搞全县科级干部大调整，仅此每年受贿2000万以上。--转自人网,1,,,1
央视现在的所作所为，将是新闻史上的奇迹。北京PM2.5爆表，它睡着了；上海黄浦江死猪乱漂，它还没醒；香港奶粉政策把脸打得啪啪响，都没能把你央视打醒，关注奶粉安全；一个美国公司的后壳有点问题，象打了鸡血似的，集体追杀；甚至动用全民的资源，去展示中国人的幸福了。呸！via凡人肖申克,1,,,0
巴黎恐袭事件发生后，法国境内总共传出超过50起反穆斯林事件。10日，法国导演吕克?贝松加入声援队伍，在上发表了一封致穆斯林年轻人的公开信。,0,晚读：吕克?贝松致致穆斯林年轻人的公开信,,0
想起来自己曾经装懵懂和一个意大利朋友说不知道为什么我们不能用一堆美国软件他开导我因为他们会窃取你的信息em这朋友三观应该比较正吧,0,,#美共和党议员要求推特封禁中国账户#,0
听说，卢森堡首相贝泰尔携夫人今天抵京，开始对华访问，愁死新闻联播人民日报新华社那些官媒了吧，报还是不报？走着瞧！图二是平时的装扮，图一是对外活动的盛装亮相。,1,难题来了,#卢森堡首相携夫人抵京#,1
暗访画面记录了中国东北中储粮仓库官员以折扣价格购买陈粮或低质粮食，在填写相关文件时却显示是按国家规定的价格购买新粮。报道中曝光的粮食已发芽、变色或发霉。政府组织的粮食和棉花拍卖经常流拍，质量已差到无法商用的地步。,0,英媒：中国官方首次承认大量农储粮或已严重受损,,0
为什么中国外交部给人的感觉永远都是如此软弱？！交涉！交涉！这个词在中国对外已经用烂掉了！！！！！第一次去法国时，或许因为还小，对这个国家对巴黎充满了好感，但今年去后给我的感觉截然不同！脏、乱、差，似乎挖掘不到一丝好感！恶性的法国警察，随手剥夺华人的生命，丧心...展开全文c,0,,#华人遭法国警察枪杀#,0
临沂市委书记奸淫上百幼女.....（燕赵都市网）.原文出处,1,,,1
有些媒体虽圈，但也只能天天看余杭余杭新闻网小强热线都市快报钱江晚报钱江晚报余杭生活央视新闻社会新闻大爆料社会维权曝光民生报道关注凤凰卫视凤凰卫视胡玲文汇报路透中文网Reuters华尔街日报中文网纽约时报中文网twitter中文讯息海de公园de梦想黒幇,1,,,0
两年前，北京新机场建设风声就已传遍，选址处村民们纷纷抢盖房，以期多获赔偿。然而北京市大兴区政府部门拿出的拆迁政策却叫“政府不多花，百姓不少得”。这如同天方夜谭的政策如何实施？一起来看看：,0,北京新机场拆迁记：村民抢盖房，政府怎么办？,,0
前德国总理勃兰特在华沙向犹太死难者下跪，俄罗斯总统普京在卡延纪念碑向死难者下跪，韩国总统李明搏在祈祷时向国民下跪，日本首相菅直人向硫磺岛军人遗骨下跪…动车追尾、北京大水、天津大火、青岛大爆炸！死了那么多的同胞，有哪位官员向人民道歉？更别说向人民下跪了！为何中国的官员如此傲慢？,1,,,1
这是选举办公室工作人员集体犯罪的铁证,1,,,0
郭美美对记者说，她其实就是一个失业人员，并不是大家想象的那样。她还说：她已经向政府申请了低保，目前已经获批。,1,郭美美申请低保，居然获准通过！,,1
为支持和响应世卫组织的倡议，推动新冠肺炎诊断治疗和疫苗研发的生产，欧盟与有关国家共同发起了应对新冠肺炎疫情国际认捐大会。4日，中国驻欧盟使团团长张明作为中国政府代表出席认捐大会视频会议并致辞。中方表示，疫情面前没有旁观者，世界各国都是命运共同体。,0,#抗疫过程中推诿比病毒更可怕#,#抗疫过程中推诿比病毒更可怕#,0
我不是一个阴谋家，但我总觉的央视这个采访，嫌疑人回答的出奇的顺利总是很蹊跷。他直接就说出自己是什么教的，对自己教内事务基本知无不答，似在尽力让别人知道自己是属于邪教杀人，因为据我所知：邪教组织杀人基本上判三年以上七年以下有期徒刑。他会不会是为逃脱法律才这样,1,,#招远麦当劳餐厅打人事件#,0
中国红十字会用车，清一色陆虎，一个字“牛”！尼玛的红十字会啊！红十字会你妹儿啊!,1,,,1
赵红霞女士:你创造了一次单兵作战就扳倒了10多名厅级贪官的骄人战绩。女人的一生应当这样度过，当回首往事的时候，她不至于因为虚度年华而痛悔，也不至于因为过去的碌碌无为而羞愧，在临死的时候，她能够说；我的整个生命和全部精力，都已献给世界上最壮丽的事业，-----为人类的反腐而斗争。,1,,,1
都是孙子，咋境界就这么不一样捏？,0,,,1
求真相！功夫真好！胆子真大！脸皮真厚！据说是某某厅长助理跟女部下偷欢时，被女方爱人堵个正着，情急之下，竟然从8楼窗户爬出，裸体逃跑。O网页链接,1,公务猿,,1
贵州三穗县都这样了政府把消息都锁得死死的希望媒体来看看知民心才得天下为百姓做点好事不要在让百姓手苦了,1,,,1
李克强总理21日在马来西亚吉隆坡会见印度总理莫迪时，就世界经济前景和中印两国经济发展交换意见。莫迪表示赞同李克强总理的经济理念。他说：“我刚刚看到您在年终特刊发表文章谈2016年中国经济发展，给我留下了很深刻的印象。”,0,印度总理莫迪称李克强《经济学家》署名文章令他印象深刻,,0
日本AV女苍井空福州捞金，瞧瞧中国地方官员的媚态！！！！！！！！via中华反腐联盟,1,,,1
华为和中兴通讯技术将在很大程度上被美国政府和政府承包商禁止使用。特朗普总统今天签署了这项禁令，作为更大规模的国防授权法案的一部分。该禁令基本上禁止美国政府或任何想与美国政府合作的人使用华为，中兴通讯或其他一些中国通信公司的组件...展开全文c,0,特朗普签署禁止政府使用华为和中兴通讯技术的法案,,0
国务院将于近日正式批复上海市，同意自2013年1月起撤消上海市静安区，以富民路--常德路为界线，其西面整体并入上海市长宁区；其东面整体并入上海市黄浦区；涉及拆分的街道做相应的调整,1,,#三记新闻#,1
中泰外长上周会面，探讨互免签证问题。新闻：O网页链接中新网：泰国与中国磋商将于今年9月起两国游客互免旅游签证O网页链接希望每年可吸引500万中国游客，之前中国影片“泰囧”带动了中国人游泰国热。泰国国家新闻局发文证实了两国即将放松签证要求的新闻（如图2）,1,泰国免签,,0
我从小怕老鼠，但是不怕蛇。后来，有位朋友知道此事，大为惊讶。我说，有什么好惊讶的，不是还有那么多人，某党治下都欢蹦乱跳的活着，反倒害怕什么“列强”么？,0,,,1
为一时的快活贪官董建柱从8楼女部下家裸体逃跑（图）-为一时的快活，河北省审计厅厅长助理董建柱跟女部下偷欢时被女部下的爱人堵在门外，情急之下不得不从8楼女部下家窗户爬出裸体逃跑，见图：,1,,,1
封吧中国人的账户基本在推特不能说话都一发言就封号。微博上应该把美分公知??的账号全部封了先把洛杉矶房东Kevin在纽约封了？,0,,#美共和党议员要求推特封禁中国账户#,1
这是不要脸的表现，这是贱人的表现美共和党议员要求推特封禁中国账户，这是自欺欺人的表现吗?,0,,#美共和党议员要求推特封禁中国账户#,0
台北快讯：原国民党、台联党主席，有“台独教父”之称的李登辉，与今天凌晨在其家中因心脏病复发抢救无效死亡。,1,李登辉今天凌晨心脏病复发身亡,,1
近日，天津市政府印发了，将继续压减一般工程项目审批时间，一般社会投资工程建设项目从获得土地到取得开工许可证不超过80天。,0,天津拿地到开工不超过80天,,0
？？？？？？？？说好的滋油皿煮和仁拳呢？你们这么搞，考虑过一直帮你们洗地的舔??，下一步工作开展的难度么？,0,,#美共和党议员要求推特封禁中国账户#,1
国务院推进职能转变协调小组办公室副主任吴知论20日表示，坚决砍掉各类无谓证明和繁琐手续，凡没有法律法规依据的证明和盖章环节应一律取消，办事部门可通过与其他部门信息共享获取相关信息的，不得要求申请人提供相关证明。,0,国务院：年底前对“奇葩证明”拿出解决办法并实施,,0
G20峰会正在土耳其举行。会议期间，三只萌萌哒的小猫突然闯入戒备森严、领导人云集的主会场。它们肆无忌惮地走来走去，仿佛在自家后花园散步，“视察”完毕后满意离去。英国媒体戏称，三只小猫的风头甚至盖过G20峰会的主角们。,0,喵星人来了！G20峰会特殊来宾萌萌哒,#G20峰会#,0
没有最腐败，只有更腐败。广西民政局长一人吃509份底保，九套房子6个老婆】广西民政局长一人吃509份底保，九套房子6个老婆中国记者杨慧峰：广西都安民政局长黄某一个人吃着509份底保，九套房...O网页链接,1,【转载,,1
她，没有编制，没有财政拨款，没有固定办公场所，靠一人之力，扛反腐重任，已拿下11位厅级贪官，还有近20位即将归案，战斗力远超地市级检察院。——记年度“全国反腐创先争优先进个人”赵红霞同志。,1,,,1
成都新闻频道的记者和主持人，在屏幕上大骂现在还在收费的成雅高速公路！成雅高速真该骂！这么多去应急救灾的车辆排起长龙，居然还在一个个收卡收钱。记者说请你们把杆抬起来，居然回应：我们没收到上级命令。在生命面前中国的各级官员是多么的冷漠、残忍又自私？举世罕见！李咏勤报道孔智勇-,1,,,1
1月14日，“大连卢书记”登上热搜，引发舆论关注。红星新闻记者联系到视频中“拦下王某并‘怒怼’卢书记”的志愿者小张，目前他仍在小区外站岗。据他介绍，事发一个小时后，王某和卢书记又到社区当面致歉。小张回忆...全文,0,#怒怼大连卢书记志愿小伙回应#：事发后被拦者曾当面道歉，自称比较累没控制好情绪,#怒怼大连卢书记志愿小伙回应#,0
央视现在的所作所为，将是新闻史上的奇迹。北京PM2.5爆表，它睡着了；上海黄浦江死猪乱漂，它还没醒；香港奶粉政策把脸打得啪啪响，都没能把你央视打醒，关注奶粉安全；一个美国公司的后壳有点问题，象打了鸡血似的，集体追杀；甚至动用全民的资源，去展示中国人的幸福了。呸！via凡人肖申克,1,,,0
杨澜终于承认自己是美国国籍的人大代表了。她理直气壮地说——虽然我入了美国籍，但我出身于中国，所以从原产地角度而言，我不出席美国两会而出席中国的两会是天经地义的，这说明我更爱中国。,1,杨澜：我是美国人当中国人大代表，说明我更爱中国,,0
我一直在想这真的是全面奔小康的2020吗？当年郭美美事件红十字会的社会公信力失的还少吗？这么多年又一点一滴建立起来的一丝丝信任又在瞬间土崩瓦解。慈善不是交易，更不是名利场的工具。慈善是需要脚踏实地干实事，不会做就别做物资跑到莆田系医院，地震赈灾物资烂在仓库，协和医院没口罩,1,,,1
1998年，三名福建工人在以色列被炸死，中使馆以三人是偷渡客为由不予理睬，并且拒绝配合以色列政府调查处理。以政府查明死者身份后，辗转来到福建，郑重地把死者骨灰交给家属，并每人赔赏70万美元。最有戏剧性的是，中国政府得知后，上门收取每人18万的税。祖国啊！祖国！！！我X!,1,,,1
今天上午9:30，云南昭通巧家发生一起爆炸案，现场目击者称，一女性拆迁户被通知到县政府拆迁办签协议的时候带了炸药，在协商时引爆了炸药，导致该女子和两名工作人员当场死亡，4名工作人员受伤。现场已经被戒严。方振宁,1,烈女子炸县政府拆迁办！3死4伤！,,1
现在中国平均每一位育龄妇女生育小孩的数量是1.4个。这意味着以后年轻一代人口规模会越来越小。在美国，上海，很多年轻夫妻没要更多小孩，自由选择下，很多人倾向少要小孩。所以不用担忧放松独生子女政策，中国人口就爆增。,0,博鳌专报·@陈志武：中国现在要结束独生子女的政策,,1
美国驱逐了5000多名伊朗高官的子女，同时冻结了他们在美的近1500亿美元银行存款。其实所谓私有财产神圣不可侵犯根本就是一句废话，这些人去到哪里，永远都是在危墙之下。全世界所奉行的都是君要臣死臣不得不死。建议把“海大鱼”列入高考范围。,1,,,1
韩国首尔只有五辆公务车；台湾国民党总部没有一辆专车；里根儿子排队领救济金；香港贪污200元拘役8个月；美国200年内只有41个法官犯错；冰岛100年内仅有10个官员下马；西方国家政府和政党不办媒体、所有官员财产公布、人权平等。——据说，所有这一切都是实行宪政的结果。,1,宪政是个啥玩意？,,1
微信公众号“大鹰”刚刚发布中华之鹰00...中华之鹰00...,0,男子在沙特和女同事一起吃早餐然后就被抓了,,0
广东韶关原公安局长叶树养爱好杀猪，基层领导为了投其所好，便在其下来检查工作时备好肥猪供其小试身手，其在8年之内杀了3600头猪。网页链接,1,,,1
很多国内外的记者前去采访吉林爆炸事故伤亡者家属，讽刺的是难属们几乎只接受境外及港台媒记的采访。难属说：“你们这些吃政府饭的媒体，我就算说了你们敢写敢登吗？还是不要浪费大家时间了。”几位国内的媒记识趣的走开了，中国媒体人的悲哀啊！晏耀斌,1,中国媒体人的悲哀,,1
国家主席习近平当地时间30日在巴黎会见美国总统奥巴马，就中美关系发展及共同关心的国际和地区问题深入交换意见。双方同意继续推进中美关系向前发展，加强应对气候变化领域合作，共同维护世界和平稳定，推动世界经济稳定增长。,0,习近平会见美国总统奥巴马,#习主席出席巴黎大会#,0
天空好像下雨?????????????今天才知道因为宋美龄喜欢梧桐树，蒋介石一下子找人在南京城市里种下了几万棵！航拍的美龄宫就是一条法国梧桐围成的项链...春绿秋黄，也是厉害,1,,,1
8小时前，川皇几乎晕倒，取消了后续全部安排。浪迹天涯律师的微博视频,1,,#张文宏称疫情今夏结束基本已不可能#,1
关于红会的，不断被删，速转!!!,1,,,1
3月19日，从山东省政府新闻办新闻发布会上获悉，山东原则上实行集体预约接种，从下周起将逐步开通金苗宝APP、健康山东服务号、健康码等移动应用终端在线预约和接种记录查询功能，实施多平台精准预约。各单位...全文,0,#山东下周起开通新冠疫苗接种在线预约#，原则上实行集体预约接种,#山东下周起开通新冠疫苗接种在线预约#,0
美国护照中写着：“不管你身处何方，美国政府都是你强大的后盾”。在中国护照中写着：“请严格遵守当地的法律，并尊重那里的风俗习惯”。微评：美国说，出去了有人欺负你，招呼一声，咱修理他！中国说，出去了老实点，听人家的话，好好干，少惹麻烦。,1,中美护照对比,,1
??公益宣传??北京房山区通达志愿服务队温馨提示：打赢“新型冠状病毒肺炎”防预战志愿者网络宣传在行动疫情防控期间，伤医事件如何处置？关注今日发布会问答！,0,国务院联防联控机制权威发布会系列问答,#新型冠状病毒#,0
吉林长春南关区教育局副局长谭某在接待群众时出言不逊。长春教育局回应，已通报批评，谭某已道歉。（摘自人民日报）,0,,,0
11月3日，四川省人民政府网站消息，10月30日四川省人民政府办公厅、重庆市人民政府办公厅印发川渝通办事项清单（第一批）的通知。其中，涉及身份证换证、补办；电子监控违法处理以及普通护照签发等95项通办事项。,0,#四川##川渝通办事项清单#来了！驾照、身份证等可两地通办,#四川#,0
然后，它们是怎么表达感谢的？它们和正常人类文明社会的表达感谢方法不一样吗？美国驻华大使泰里·布兰斯塔德8月6日表示，面对新冠疫情，中国运往美国的防疫物资拯救了很多生命，其中很多来自上海，我们对此深表感谢。,0,美驻华大使：中国运往美国的防疫物资拯救了很多生命,,0
近日有网友爆料称，平潭森林公安局局长林庆标、东澳卫生院院长等人，在夜总会包厢聚众闹事，打砸毁坏包厢电视等设备，后扯着外套蒙头离开。当地纪委表示已接到举报，正进行调查。今年7月一份任免通知显示，林庆标为森林公安局副局长。,0,福建一公安副局长被指打砸夜总会,#万象#,0
「求辟谣：常务副市长陈尸护城河」原铁岭市常务副市长清华才子袁卫亮尸沉沈阳护城河！当地有关部门及个别领导正在全力以赴不惜代价不择手段组织在各大论坛贴吧博客删帖，仅此一贴，即创昨日中国删帖经济历史最高，个别管理单笔收入超过10万元，现在关于袁卫亮死讯99%以上都打不开，令死因扑朔迷离。,1,,,1
"据资料，中国最富裕的1000人之中,有160位是党代会、全国人大代表或政协委员.拥有外国居留权,或者在外国产子，或者将子女送洋读书的人士比比皆是，以致两会被讥为「外国人父母俱乐部」或「联合国」.外国籍的中国两会代表，代表谁?O网页链接",1,网友惊叹：外国籍代表何其多，两会升级联合国？,,1
习访印期间和夫人彭丽媛前往甘地墓敬献花圈。我不理解的是：毛泽东纪念堂建成至今几十年，有上千位外国领导人来我朝访问，为什么就没一个外国元首到纪念堂去拜谒一下呢？为什么？毛粉们不是说：“全世界都敬佩我们毛泽东吗？”(网摘),1,,,1
从视频里的表现只能看出王某是颐指气使惯了的，小事体现态度作风问题，这要搁建国初期，最起码撤销党内职务吧。一年半不能升职，不痛不痒，影响不大，调任其他岗位还不是该咋咋。,0,,#怒怼大连卢书记志愿小伙回应#,1
有人说南京市委书记杨卫泽元旦去栖霞寺烧头香，也没能保住自己，我想说，已经向权力低头的和尚哪还有什么法力？,1,,,1
赵立坚太狠了，这样下去非把特朗普吓的晚上睡觉说梦话不可～,0,,#崔天凯回应病毒来自美国军方说法#,0
好期待这一天让西方感受我们社会主义铁锤??,0,,#美共和党议员要求推特封禁中国账户#,1
中国红十字会是唯一不加入国际红十字会的会员国——原来是山寨的，加入国际红十字会就必须在人事安排，行动、管理等方面符合国际规格，且账目必须向国际红十字会公开，多年来红十字会一方面是接受捐款，一方面是国家给予政府的津贴的机构。（阮次山）,1,,,1
法制晚报援引韩联社消息称，韩国前总统金泳三于当地时间22日零时21分逝世。金泳三，1927年出生，1992年12月当选为韩国第十四届总统，1997年卸任。,0,韩国前总统金泳三逝世,#天下#,0
中文台张婉:党内奇闻!书记实名举报市长！河南息县项店镇书记洪友强举报息县书记张富治:张贪污受贿4.6亿!勾结黑社贩卖毒品开赌场！强迫少女卖淫！包养有三名二奶奸淫幼女8人！后耗费9600万向省领导买得信阳市副市长官帽！张把政府工程承包给其兄张富山获利三个亿！张时常把女下属叫办公室进行开光!,1,,,1
自称是成都制药一厂的员工爆料，红十字会要求购买一万元药物，并开出5万元的发票，这所制药厂没有同意。但是这位人士透露旁边通化一家制药厂给开出了发票。并说红十字会所购买的帐篷一万元一顶。并留下自己的真实身份：吴斌，1973年10月12日出生，家住什邡市方亭镇中心大街西段67号。,1,,#红十字会总会#,1
今天，在本次东盟峰会及系列峰会举行期间，东盟各国领导人共同签署了，宣告东盟共同体在今年年底正式建立。峰会期间还签署了，这份政治性文件规划了东盟未来10年的行动规划。（央视记者窦筠韵朱雪松）,0,东盟峰会宣布东盟共同体在年底正式建立,,0
突然！中国正式宣布：无限期封杀澳大利亚！直接死刑！！你要相信，一个人命运是和自己的国家紧紧联系在一起的，皮之不存，毛将焉附？所以，你不是生活在一个和平的时代，而只是生活在一个和平的国家！请铭记，只有祖国强大了，才能保护自己的国民！网页链接,1,,,1
一则被爆事发四川达州的视频近日流传，一辆川S大众轿车涉嫌违停。交警执法劝离，司机先扬言找“你们领导”，自称是市公安局保卫处长，临走时还批评交警不懂事。平安达州通报，涉事民警朱某某为市政中心机关保卫处处长，目前已被停职。...展开全文c,0,四川达州一#官员违停被劝移批评交警不懂事#已被停职,#官员违停被劝移批评交警不懂事#,0
中国国家级贫困县张家川县刘书记会议室VS世界第一强国总统会议室，美国佬羡慕嫉妒恨！,1,,,1
周孝正：98年，有三名福建工人在以色列被炸死！以色列政府找到中国使馆商议赔偿及处理后事，中使馆以三名工人是偷渡客为由不予理睬！以政府对此硬是一查到底，后来不远万里来到福建，把受害者骨灰交到家属手中、向三名受害者各赔了70万美元。这钱后来还被我们政府收了每人18万的税！,1,,,1
美国那个什么，哦，某议员要求推特封禁中国账号，我们国内的平台，是不是也得有所行动啊，别整封禁美国用户，跟那些玩意一样呢？但是先把沮丧跪地的公知和丧母婊还有美粉封了！,0,,#美共和党议员要求推特封禁中国账户#,0
各位！原来事情是这样的！？日本人不费一兵一卒就可以让我们的城市一个个陷入混乱？这个问题，我们得好好深醒一下。,1,,#爱国宣言#,1
你吃下去的不光是美食，还可能是工业塑料！小蝌蚪妈妈-的微博视频,1,,#生活百科#,1
当地时间11月17日，俄亥俄州州长迈克·德威恩宣布当日起将在全州实行宵禁，以帮助对抗疫情在该州的蔓延。网页链接,0,确诊病例激增美国俄亥俄州17日起实行全州宵禁,,0
自救方法！！紧急提示！！在没有医药的情况下，在患者伤处敷很薄的生土豆片，可以快速使伤口愈合、消肿，而给患者喝生土豆汁也可以快速补充能量，促进康复。请帮助扩散给灾区朋友。via延参法师杂谈五味观点联播V中国微闻袁裕来律师徐昕任志强左小祖咒袁国宝,1,雅安地震,,1
中医点评各种水果，吃水果也有门道！果断收藏~,0,,#涨点姿势#,0
武汉东西湖三民小区居民全部转为红码，门口全是特警守门。网页链接,1,,,1
亮兄本尊：用一次性筷子做笋干炒肉！,1,还有什么是可以放心吃的？,,1
点击一下鼠标，转给你的亲人和朋友吧！：如果每个看到这条微博的人，能够转发10份给其他人，肯定至少有一条命被救回。（求扩散！）薛蛮子袁腾飞袁伟时云飞侃天下急诊科女超人于莺,1,40以上男女床头必留的三样救命东西,,1
成都大熊猫繁育研究基地7月6日对外发布消息称，大熊猫幼崽“顺顺”和“溜溜”分别于5月20日（顺顺）和5月11日（溜溜）抢救无效死亡。顺顺和溜溜出生于2019年10月11日，是一对双胞胎。央视网快看的微博视频,0,#出生仅7个月大熊猫幼崽病亡#,#出生仅7个月大熊猫幼崽病亡#,0
"大家買牙膏請留心,买牙膏时注意牙膏管反面底部的颜色条,今天才知道，原来颜色条有含义啊！尽量选择绿色和蓝，共分4种:绿、蓝、红、黑。绿色:纯天然；蓝色:天然+药物；红色:天然+化学成分；黑色:纯化学！国内的儿童牙膏居然大多是化学的，太过分了！",1,科普贴：家里的牙膏要严选！,#潮汕微提醒#,1
老户县，新鄠(hu)邑(yi)，蒋村小伙吴建章，此人在武汉感染后逃离回家，被发现后在户县北关医院隔离治疗晚上8点左右又一次逃离。??大家，年都过不好了！一只老鼠坏了一锅汤。一声叹息，一地鸡毛！呼吁：希望大家转发看到此人迅速报警别让病毒再次扩散??????,1,,#西安爆料#,1
①黄豆和豆制品，平衡体内雌激素②不熬夜，睡前泡个热水澡或者喝杯热牛奶③泡热水澡，每次泡澡3分钟，休息5分钟再入浴，重复3次④按摩，从四肢末梢朝心脏方向按摩，可以推动淋巴及血液的流动⑤有氧运动，至少每周3次、每次30分钟、运动后每分钟心跳达130下.,0,5个方法调节女性内分泌,,0
宅在家上网课，别忘记保护宝宝的视力哟「CATALO儿童DHA叶黄素鱼油」蕴含天然深海鱼油DHA+优质叶黄素，帮宝宝的大脑和眼睛补足营养??！2.26上天猫，享2件88折！更多惊喜速戳天猫国际CATALO海外旗舰店网页链接,0,,#超级进口日#,0
妇幼保健院提示您，请不要给宝宝喝爽歪歪和有添加剂的牛奶饮料，告诉家里有小孩的朋友，旺仔牛奶、可口可乐、爽歪歪、娃哈哈AD钙奶、美汁源果粒奶优菠萝味的。都含有肉毒杆菌。现在紧急召回。有孩子的都转下！！可怜的宝宝还能喝啥？？？？,1,,,1
"今年樱桃里寄生了一种蛆虫,几乎100%的樱桃里面都有.实验方法:找最好看最新鲜的樱桃,放透明玻璃杯中,倒进水去后放点盐,大约2分钟就会看到这些蛆虫从完好的表皮往外钻.求扩散。系吃货关注新会吃喝玩乐",1,,#紧急通知大家谨慎购买樱桃#,1
近期全国陆续复工，据不完全统计，复工后发生的聚集性疫情12起共15人确诊，18人传染，514人以上被隔离。包含内蒙古赤峰一发电厂、山西一发电厂。详情如下：,1,警惕！全国已有12起复工后聚集性疫情发生，500多人被隔离,#复工#,1
各位亲们中央电视台已经播出，可口可乐承认旗下(果粒橙)含有美国禁用农药「多菌灵」，多菌灵可致脑麻痺、肝脏腫瘤等癌症。包括香港正在销售的（果粒橙），香港食环署正在了解此事件。专家指出，（多菌灵）跟其他农药一样，对脑部影响最大，可引致局部麻痹，并会导致癌症。,1,,,1
山东省政府新闻办定于2021年3月19日（星期五）上午10:00举行新闻发布会，邀请省卫生健康委、省医保局、省药监局负责同志等介绍山东省推进新冠病毒疫苗接种工作有关情况。齐鲁网、闪电新闻正在直播，欢迎收看闪电新闻的微博视频,0,正在直播：山东省推进新冠病毒疫苗接种工作有关情况,#闪电直播#,0
一、炸鸡，含致癌物丙烯酰胺；二、啤酒，使尿酸沉积，肾小管阻塞肾脏衰竭；三、咖啡，压抑副交感神经减低性欲；四、豆腐，植物雌激素减少精子数；五、奶茶，反式脂肪酸减少男性荷尔蒙；六、腰子，含有重金属镉。不是吃啥补啥！！,1,6类杀精食物吃傻下一代,,0
网传，厦门第一医院已出现一例H7N9患者，不管是真是假，非常时期大家还是注意点吧！另外，东肖猪投池塘的，已经被称为：福建人民也有免费的排骨汤喝了（九龙江上游龙岩龙津河封闭池塘现十几头死猪）,1,,,1
中国疾控中心艾滋病首席专家邵一鸣日前在接受记者专访时表示，对于应对新冠病毒突变可能导致现有疫苗效能下降的问题，他表示，如果真需要对疫苗进行升级，中国的灭活疫苗预计可在2个月左右完成，整个工序并不复杂。...全文,0,中国升级新冠疫苗需要多久？中疾控首席专家给出时间,,0
吃榴莲后，喝可口可乐，毒过眼镜蛇！又一游客，客死泰国异乡！一位中国游客在泰国旅游的时候，吃了很多榴莲之后又喝了可乐，致咖啡因中毒血压飙升，结果引发心脏病猝死，年仅28岁，泰国有明确规定，食用大量榴莲后，8小时之内不能喝可口可乐！圈里爱榴莲的朋友很多，转发下!让所有人都知道！（转）,1,,,1
马云说，“10年以内，肺癌、肝癌、胃癌将光临每一个中国家庭，我担心我们这么努力，最后所挣的钱都是医药费。”……（转）,1,10年以内，癌症将困扰每一个中国家庭,,0
体检检查出有乳腺纤维腺瘤，听说这是良性肿瘤不用做手术，为什么医生建议我做手术切除？诊断出甲减，目前在服用的优甲乐可以用牛奶豆浆服药吗？可以饭后服用吗？想明确更多关于乳腺纤维腺瘤、甲减等甲状腺乳腺外科的疑问，爱问三甲医院专家，在线为您解答，速戳了解>>...全文,0,,#秋日健康季#,0
央视播出：可口可乐承认旗下(果粒橙)含有农药多菌灵。多菌灵在美国是违法的，但在国内属合法，属于农药中的“低毒”，已经喝了就不用太担心了。孕妈、哺乳妈妈、备孕妈妈以及小盆友们，少喝加工饮料、多喝白开水，减少添加剂、残留农药等摄入风险~,1,果粒橙事件：少喝饮料多喝水,#新闻#,1
刚学了个知识，和大家分享一下：如何判断你的牙膏是否健康。在每个牙膏袋的尾部都有个色块，绿色表示牙膏成份纯天然，蓝色表示天然且含药物，红色表示含化学成份，黑色表示纯化学成份合成。建议大家使用绿色和蓝色的，快看看你家的牙膏健康吗?via桃桃琳,1,,,1
记忆微曝光纯手工百威啤酒记忆微曝光的微博视频,1,,,1
美帝出动十艘医療船，180座战地医院，应付疫情爆發。,1,,,1
心脏病突发……在独自开车回家的路上……怎么办？你有10秒钟时间可以自救！...更多自救知识，请关注2012生存自救手册,1,,,0
魔法士。。。。。。。。。用。。。。。。。。尸油。。。。。。炸。。。。。。。。。。我。。。。。。。。。。。现在。。。。。。。。。才。。。。。。。。。。。。。。。。。。知道。。。。。。。。。。。。。。。。。。。。。。。。。。。。。。。。。。。,1,,,0
体温太高会抑制大脑褪黑激素的分泌，影响睡眠质量，最好在睡前90分钟沐浴，临睡时体温刚好降到适宜睡眠的温度。如果不得已在临睡前洗澡，最后就用冷水敷一下额头，也有助于体温迅速降低。,0,不要临睡前才洗热水澡,,0
经过5年全面严格的审查后，三文鱼成为首个登上餐桌的转基因动物。这种三文鱼18个月就能长成成体，传统三文鱼则需要三年。美农业部生物技术国家顾问委员会成员艾莉森接受了果壳网专访，她的第一反应是：他们居然用了这么久才批？,0,平价三文鱼时代到了？转基因三文鱼获FDA批准,,0
简单来说，px是韩国大棒子的化工技术，用途广泛，利润当然更可观，可是业内人士称断子绝孙工程。印度一次泄漏死了2.5万人，感染1万人。更可怕的是它的生化危险。百度已经和谐“印度px”的相关搜索。我普及一下,1,,,0
转博友中本学长大哥日本养老日记^O^日本政府包机从疫区撤侨，东京时间上午九点已抵达东京羽田机场，这次撤回206人，其中一人发热，一人咳嗽，日本政府为撤回的每人配备一辆救护车。??注意，是每人！二百多辆……网页链接草津的秋雨1951的微博视频,1,,,1
马来西亚王牌巫师表演手抓病毒，表演后被感染，目前已被隔离。??网页链接,1,,,1
"原来，日本人从来都不用三文鱼做刺身吃的。蔡澜：""正统的日本铺子，绝对不会卖三文鱼刺身，因为他们老早知道它的虫极多，只能用盐腌制过后烧熟来吃......三文鱼鱼肉颜色一直保持鲜红，即使腐坏了也不变，又闻不出异味......""---爱鱼生的各位，要小心啦！via实用小百科",1,爱鱼生的各位，要小心啦！,,1
日本疯传的，跟着音乐节奏分解脂肪，两分钟就完成，好神奇的样子，带上小伙伴一起练！二货是怎样...,0,,#2分钟瘦身体操#,0
伦敦大学学院的研究者发表了一项研究称，不寻常的幽默感很可能就是痴呆的前兆，包括不合时宜地大笑。阿尔茨海默病研究组织的SimonRidley博士说，如果注意到家人发生类似的变化，应该立即与医生联系。（环球科学）哈哈哈哈哈哈哈……,0,笑点低可能是痴呆的前兆[白眼],,0
上海一吻封全城，镇江一舞乱红尘nmlgb,1,,#江苏镇江确诊病例父亲核酸阳性#,1
相信大家今天早上都看到了一个消息：加拿大法院裁定孟晚舟符合“双重犯罪”标准，未能获释。而加拿大累计确诊人数达到8.7万多人次，死亡人数达到6700多人。网页链接,0,,,0
"北仑区下邵镇合兴村，四人打麻将被捉，要么拘留15天,要么抬桌走10公里，任其选择，他们选择抬着桌子走10公里的处罚网页链接",1,,#北京一确诊病例复工期间密切接触66人#,1
①酸奶：富含乳酸和活性乳酸菌，促进胃肠蠕动；②山楂：含苹果酸、酶和蛋白质等，有助降血压，促进胃肠消化；③醋：促进皮肤血液循环，减少暗沉。④柠檬：富含柠檬酸和维生素C，防止消除皮肤色素沉着。,0,常吃酸味食物助养生,#健康小知识#,0
10月21日，山东乳山市通报称，当日凌晨在开展进口冷链食品抽检中发现一份外包装样本新冠病毒核酸检测结果疑似阳性，后经威海市疾控中心复核，外包装样本呈阳性。乳山市第一时间对涉疫产品全部封存，对相关企业及周边全部消杀，对追踪到的该批产品密切接触者全...全文,0,山东#威海企业进口冷链外包装样本阳性#,#威海企业进口冷链外包装样本阳性#,0
美国新冠肺炎疫情继续恶化，不见任何好转的迹象：单日新增确诊2万多例，单日死亡高达1400多人，累计死亡即将达10万。遂宁·蓬溪县,0,,,0
一队已经做第二次核酸测试了咽拭子采样过程属实“酸爽”浙江绿城的微博视频,0,,,0
纪念李文亮医生大理白族自治州·喜洲古镇,1,,,1
天气越来越冷了，小伙伴们要好好的照顾自己不要因为变天感冒啦～同时饮食上要注意，给大家推荐三款暖胃又暖心的粥:1红枣桂圆莲子粥2黑芝麻紫米粥3红枣枸杞小米粥。这个冬天不太冷哦～,0,暖心又暖胃的晚餐,,0
央视播出：可口可乐承认旗下(果粒橙)含有农药多菌灵。多菌灵在美国是违法的，但在国内属合法，属于农药中的“低毒”，已经喝了就不用太担心了。孕妈、哺乳妈妈、备孕妈妈以及小盆友们，少喝加工饮料、多喝白开水，减少添加剂、残留农药等摄入风险~,1,果粒橙事件：少喝饮料多喝水,#新闻#,1
硬核西安，今晚10点到凌晨3点，启动全城消毒模式。一排排消毒车够壮观（视频为宜昌）！雷叔de微博的微博视频西安,1,,#不可将酒精用于大面积喷洒#,1
新冠病毒对肺部的影响图解,1,,#第六版诊疗方案思维导图#,0
又到了新米上市的时节，但市场上出售的“新米”是真正的新米呢？还是网传的“陈米抛光后冒充的新米”呢？记者选用9份大米进行专业检测。结果显示3份样品检出石蜡，说明可能是石蜡抛光的陈米。长期大量食用石蜡米会致腹部不适。(法晚)|9份新米样...,0,注意！你买的新米可能已被石蜡抛光,,0
网传:福建省政和县医院，一个2岁的孩子吃瓜子卡住喉咙，送到医院被延误治疗20分钟死亡。求证记录者小罗的微博视频,1,,,1
柳州奖励援鄂医疗队员，每人一辆汽车！赠奖车打有英雄字样，实在太过了，低调的人怎么开的出去？翻译老顽童的微博视频,1,,,1
喝易拉罐一定要吸管】一妇女喝了罐饮料，被送进医院，离开了世界。验尸死于於细螺旋体病，追踪她喝的饮料，是直接用罐对嘴饮用。实验证明罐头受到鼠尿感染细螺旋体病毒。鼠尿含有毒性和致命物质。因罐头运输过程没有清洗的。研究显示罐上面的毒菌很多，请转给你关心的朋友。,1,,,1
恭喜镇江的朋友们，昨晚在镇江市区医院确诊了一名H7N9患者，病情不稳定，现已隔离，情况属实，请各位朋友板蓝根的干活！,1,,,1
大家注意不要再吃街边摊了！埃博拉病毒都已经进中国了！好吧照片跟这个没有什么关系…想你们了,1,,,1
"家中的牙膏要嚴選！大家買牙膏請留心,買牙膏時注意牙膏管反面底部的顏色條,顏色條有含意！盡量選擇綠色和藍色，共分4種:綠色?:純天然；藍色??:天然+藥物；紅色??:天然+化學成份；黑色?:純化學。大陸的兒童牙膏居然大多是黑色?（純化學）的，太恐佈了!",1,,,1
"地沟油的记者李翔,死了,身中10余刀,惨死。他为全国不能吃特供的十多亿人民的食品安全努力过。他付出了年轻的生命位中医告诉,要检测是否地沟油的最简单方法是:在炒菜时放一颗剥皮的蒜头。蒜子对于致癌的黄曲霉素最敏感。如果蒜子变红色,就是用地沟油,含有大量黄曲霉素。食油良好的话,蒜子是白色的",1,,,1
日本撤出其在中国武汉的侨民，抵达东京的206人中有3人检出冠状病毒，其中2人毫无症状。在机场等待的救护车为206辆。所谓倾全国之力也不过如此吧。,1,1人1辆救护车,#你必须知道的事#,1
去菜场买鱼，结果看到惊人一幕，摊贩往大水盆内加入一种白色粉未，迅速用手搅拌，一会功夫白色粉未就溶解了，将半死不活的鱼虾倒入其中，没想到，鱼虾一会儿就活蹦乱跳开，仿佛这些鱼都是才从河中捕回来的。这是一种能够致癌的催化剂，俗称鱼浮灵，也对智力有影响,1,太活跃的鱼千万别买,,1
网传视频：一架从意大利飞至喀麦隆的客机被发现全部受肺炎感染，其中部分乘客欲逃离时被警察开枪射击！希望这不是真的，太血腥了！China_竹叶青的微博视频,1,,#新冠病毒排毒时间比SARS和流感更长#,1
安徽一位医生，在工作中突发疾病去世，而他还在生命的最后一刻，还在叮嘱同事：病人还没有换血,1,,,1
科学研究：从健康男子收集精液样本，把其放在接收Wi-Fi上网的计算机旁4小时后发现，精液竟然「熟」了部分更出现DNA受损的情况。无线上网期间散发的电磁辐射正是「杀精」的元凶！男士们注意了…珍爱生命，远离Wi-Fi！,1,Wi-Fi杀精于无形精子DNA受损严重,,1
中国生产的塑料瓶99%都是劣质的！你是否看到过冰冻的饮料瓶上的水珠？那是因温度下降而缩小的水分子通过劣质塑料的间隙泄露出来的。生产商为了节约成本，用这种严重泄露的聚乙烯塑料制作饮料瓶，使其大量流入市场！为了我们的安全，有良心的转！,1,你知道吗？,,1
①酸奶：富含乳酸和活性乳酸菌，促进胃肠蠕动；②山楂：含苹果酸、酶和蛋白质等，有助降血压，促进胃肠消化；③醋：促进皮肤血液循环，减少暗沉。④柠檬：富含柠檬酸和维生素C，防止消除皮肤色素沉着。,0,常吃酸味食物助养生,,0
，北京疫情严峻，84岁的钟南山院士再次出征北京，他就是最耀眼的一颗星，为钟老点赞！蓝烟啼枫的微博视频,1,,#北京疫情扩散风险很高#,1
被卷心菜的制作工艺吓哭了我就想问一句：这玩意儿能吃吗？以后还能不能愉快地吃卷心菜了！！？O网页链接,1,,,1
吴先生是火神山医院第一批收治的患者，经过精心治疗，病情已大为好转。看到繁忙辛苦的医护人员，他主动提出要当志愿者，在医院里帮忙推轮椅、为重症病友加油鼓劲……在他的带动下，许多轻症患者也加入到志愿者的行列。（央视军事）,0,暖心[心]#火神山医院#患者变身志愿者,#火神山医院#,0
记者将五颗牙齿，浸泡在白开水、有色碳酸、无色碳酸、凉茶类以及运动饮料中。三天后，浸泡在有色碳酸饮料和凉茶中的牙齿色素沉着更加明显，而七天后，有色碳酸饮料浸泡的牙齿，牙釉质遭到破坏...医生提醒：喝完这类饮料以后应漱口、刷牙。（央视财经）,0,千万注意！哪些饮料最伤牙齿看完你还敢多喝吗,,0
85岁高龄的钟南山院士，步履蹒跚，再度出征北京协和医院，对此希望他“钟”止疫情，“南”关将过，“山”河无恙。祝愿祖国安好！上海·西渡划时代的传奇之旅的微博视频,1,,,1
张文宏公示财产，我看了又看，有一点是让我挺吃惊的网页链接,1,,,1
日本从武汉撤回来206名侨民、上午9点到达羽田机场，每人配一辆救护车。工作做到位了，羽田机场场面壮观。北京·承德避暑山庄网页链接,1,,,1
各种妖魔化疫苗的谣言又趁机泛起，不仅崔永元的“科学顾问”陈一文在造谣接种HPV疫苗会让女孩不育，还有这种育儿公众号造谣疫苗会诱发川崎病，号称是“救命文”，其实是害命文。怎么没见那些说“无效疫苗是杀人”的人愤怒？,0,,,0
我还以为大米是种出来的，没想到却是用塑料做的，以为再也不敢吃了！微博美食美食派狂人的微博视频,1,,#嗨夏吃货节#,1
赶紧检查一下你家里的牙膏，如果是黑色条赶紧扔掉！买牙膏时注意牙膏管反面底部的颜色条。今天才知道，原来颜色条有含义啊！尽量选择绿色和蓝，共分4种:绿色:纯天然；蓝色:天然+药物；红色:天然+化学成分；黑色:纯化学。罐子们快看一下你的牙膏是什么颜色？转自：遐想的叶子,1,,#回龙观关注#,1
1、绿茶—明目护齿、提神醒脑、解乏、促进消化。2、红葡萄酒（适量）—抗衰老、防治心血管病。3、豆浆—高蛋白、营养丰富，降低胆固醇、预防心脑血管病。4、酸奶—助消化、提高免疫力。5、蘑菇汤—调节人体机能，提高免疫力。6、骨头汤—减缓骨骼老化，促进骨骼生长。...全文,0,世界公认的六大健康饮品,,0
由青岛海华生物医药技术有限公司自主研发的国内首款鼻喷式副粘病毒载体新冠疫苗即将完成灵长类动物试验，将于近期申报开展临床试验。海华生物研制的鼻喷式新冠疫苗是一款表达新冠S基因重组副粘病毒载体疫苗，于去年被山东省发改委列入补短板强弱项培育新的经济增长点重点项目。该新款疫苗在已完...全文,0,,,0
朋友圈得知襄阳零点便成为湖北最后一个封锁的城市…至此，湖北封省。相反没有了之前的焦躁不安…现在给自己打气，身为湖北省其他城市的居民，除了保护好自己和家人，鼓励被留在武汉的朋友，剩下的就是相信国家，相信医护人员，我们一定会战胜病毒的。,1,,#湖北封省#,1
问下方大儿子？你妈被强奸没有怀孕是不是不算强奸？无效疫苗后果是不是害人性命？无效疫苗不是毒疫苗，不毒药还毒！你这个中国的败类，呼吁大家吃不健康转基因食品现在在这里发谬论是假疫苗不是害人的药！看着一肚子窝火！中国的败类！|常熟·明日...,0,,#方舟子微博#,0
一妇女喝了罐饮料，被送进医院，离开了世界。验尸死于於细螺旋体病，追踪她喝的饮料，是直接用罐对嘴饮用。实验证明罐头受到鼠尿感染细螺旋体病毒。鼠尿含有毒性和致命物质。因罐头运输过程没有清洗的。研究显示罐上面的毒菌很多，请转给你关心的朋友。,1,喝易拉罐一定要吸管,,1
这钱没有人眼红，这才是值得拿高薪的人！人民心服口服，支持张文宏曝料一哥的微博视频,1,,#钟南山一些欧美国家不是真正的封城#,1
北京八大处名医汇超话小美女到今天正好割双眼皮半年了，之前眼角增生的地方也慢慢淡化了，现在基本看不出增生的痕迹，不过手术的疤痕还是有的，化了妆基本看不出来，术式选择的全切，宽度8.5mm，形状开扇。,0,案例分享,#北京双眼皮#,0
湖州一养殖场被检出H7N9病毒，7000只鸭子全灭。从养殖场到餐桌，家禽产业有长长的产业链，关系到无数人的生计。养殖户们眼中含泪、心头滴血，将家禽一一掩埋。谁都知道，只要一加热，病毒就活不了，可城里的餐馆，连卤蛋都取消了。理性应对、科学防疫，别让农户伤上加伤，躺着也中枪。,0,钱江夜话,,1
重庆大足。夏先生在他家楼下超市花8元购买爆米花，回来发现竟已过期179天，一起买的花生也一股霉味。夏先生维权后，商家表示愿赔他80元，但他觉得违法成本太低，便起诉至法院。经法院审理，夏先生获赔100...全文,0,8元买的爆米花过期179天，男子起诉商家获赔1000元,#8元买到过期179天爆米花获赔1000元#,0
2月初，可口可乐山西饮料公司因管道改造，致使消毒用的含氯处理水混入9批次12万箱可口可乐中，目前确认76391箱流入市场。山西质监局调查事件时发现，该公司以维修电脑为由删除了2月4日到8日部分相关生产记录和全部电邮，关键证人被安排带薪休假。O网页链接,1,7.6万箱含氯可口可乐流入市场,,1
H7N9竟然在我省诞生了，听说是在宁德福安，看来末日只是延迟了啦我在O网页链接,1,,#厦门市湖里区枋湖村#,1
日本从武汉撤回来206位侨民、每人配一辆救护车。不愧是世界卫生组织连续20年评定医疗水平世界第一的国家。先到医疗研究中心做全部检查，阴性的回家隔离，阳性住院治疗。中国，加油！,1,,,1
这就是新冠肺炎的破坏力，你看了怕不怕？,1,,,0
2月15日下午，南昌大学第二附属医院象湖院区远程视频连线我市中心医院进行会诊，这是江西省第一次远程会诊联系随州，13名危重症患者接受会诊，南昌大学第二附属医院危重症医学科和呼吸科专家为患者会诊。,0,,,0
国务院联络组专家冯子健：现在的做法是及时发现每个病例、每起聚集性疫情，快速采取精准防控措施，不让疫情继续发展。就像“打地鼠”那样，疫情一冒头就打下去。正如岩松所说“有一不让它变成十、有十绝不变百”，常态化地把疫情压制、扑灭，就是当下的防控基本策略。,0,#冯子健介绍打地鼠式防控策略#,#冯子健介绍打地鼠式防控策略#,0
特殊时期，宅在家里上网课的儿童青少年更要注意合理用眼，完成功课的同时也保护好视力。除了保持正确的读写姿势、坚持做眼保健操等，儿童青少年怎样才能上好网课保护好视力“两不误”？戳视频，北京同仁医院副院长、眼科主任魏文斌给出这些建议。,0,#够科普#宅在家上网课的孩子如何保护好视力？,#够科普#,0
这个传言是：三穗县当地一位女教师在检查中发现艾滋病，随后向警方报案称遭到了副县长杨昌明的强奸，杨随即纳入政法部门的视野，最后落马，其供述与下属女干部、女教师及发廊女30多人发生过性关系。辽阔草原锡林郭勒的秒拍视频,1,人民网:贵州落马副县长供出30名异性名单传患上艾滋病,#预防艾滋病#,1
随着服务质量的不断下降，我感觉这两年顺丰口碑会翻转性的扑街,0,,,0
“21日中午12点半至1点15分，新浪微博无法访问，据悉，原因是新浪微博管理员徐某使用服务器带宽下载CL网爱情动作片42G左右，造成新浪微博无法访问，目前徐某已被停职，所下载的影片硬盘已被领导没收。（人家45分钟下了42G，果然是大公司）”,1,新浪微博无法访问的原因,,1
5月19日是第十个，明天南川所有A级景区、包括金佛山、神龙峡景区将实行向公众免收景区门票优惠政策，向广大游客发出畅游诗和远方的邀请。（来源：金佛山旅游）,0,,#中国旅游日#,0
“双十一”疯狂网购，下单后大呼“剁手”，花钱花到心痛得无法呼吸…你也是这样吗？会花钱也会得会理财！零基础理财入门：①每月拿出一部分工资强制储蓄；②列出“不需要物品清单”，节省不必要开支；③按个人能力和风险承受力，进行一定比例的投资。更多戳图↓↓理财走起！,0,三分钟教你变身理财达人,,0
将涉事公司剔除出供应商序列并永不合作，对附近所有自如房源进行复查，以避免此类事件再次发生。中水是不能喝的，一般都接入马桶等城市景观方面，而自如租户却喝了半年，自如这天天出事，租户花那么多钱天天一点都不安心，出事道歉有啥用,0,,#自如将中水接入自来水#,0
深圳地標京基100就這樣輸掉了？真的假的？實在是太誇張了，看來限制人家去澳門的次數，這個政策真的是太好了，限制了都能這樣，那要是不限制，那後果不就。。。只能說，還好深圳近香港，而不是澳門。,1,,,1
文明全国的茶饮品牌COCO南京某店被查封！，因为有塑化剂。。。转发给身边爱喝COCO的孩纸们。,1,,#关注南京#,1
澳大利亚的龙虾制品、罐装鲍鱼等将立即取消关税；韩国西洋参、天麻等关税也降为零；但澳大利亚奶粉、牛排，韩国化妆品，则没有马上免税，澳大利亚配方奶粉4年后才完全免税…有专家指出，降税范围虽广，但过程较长，降税的优惠不会立刻体现在终端价格上。,0,中韩中澳自贸协定今起生效哪些商品马上免税,,1
滴滴今日举行内部全员会，滴滴出行CEO程维表示，对橙心优选的投入不设上限，要拿下市场第一名。,0,#滴滴美团对决社区团购#,#滴滴美团对决社区团购#,0
分清主要矛盾和次要矛盾，虽然不论好坏271都骚操作不断，但是我依然期待它未来越做越好，不为别的，就为了搞鹅,0,,#爱奇艺遭美国证监会调查#,0
针对交通运输新业态协同监管部际联席会议办公室提醒式约谈，嘀嗒出行8日回应称，已将“附近订单”功能修正为“临时路线”功能，“临时路线”和“常用路线”一起，共同受到平台每日接单次数及合乘价格限制，合乘价格为当地商业运营车辆定价50%左...全文,0,回应来了！#嘀嗒、哈啰：已针对提醒式约谈进行整改#,#嘀嗒、哈啰：已针对提醒式约谈进行整改#,0
注意了！！！肯德基情人节点餐就送套套，为了避免尴尬和儿童，他们不会主动说和宣传的，你需要的话就对店员说送我几个肯德基安全套，他们就会免费给！！！！不要错过！,1,,,1
快讯：华夏银行嘉定支行现遭到挤兑现在关门了！！！其中一储户损失1300万元！！！警民直通车-上海宣克炅,1,,,1
～中国民生银行武汉分行破产！存款最高赔付50万，只赔存款不赔理财??????～不要再以为银行不会倒闭了！！,1,,,1
美团外卖怎么回事，为什么莫名被开通美团生活费？？为什么默认支付方式变成美团生活费买单？？一不注意就出现了借款！而且还不能自助关闭必须打客服，吓得我赶紧打电话关闭！你们这是变相的强制借款！！这种方式有点恶心人！美团外卖骗子萍乡·上栗县,0,,,0
诺贝尔经济学奖获得者，保罗克鲁格曼申请破产：个人赤字高达700万美元。债务主要来自870万美元下曼哈顿的房贷；还有信用卡欠款等。最大投资失误，是在07年购置房产，不久后跌价40%！一个经济学帮主，居然在泡沫破灭前的最高点购置豪宅。理论是华丽的，现实是悲摧的！,1,,,1
莲妹听到一个震撼的消息，主管百度产品和技术的副总裁王梦秋已在上月低调离职，受此影响，百度有不少优秀的人才陆续离开，其中最著名的是万维雅加盟美丽说任副总裁。听说，王梦秋将会离职创业，只是不知道她的离开将对百度产生什么影响?百老汇之家朱光NetYangzi,1,百度副总裁王梦秋离职创业!,,0
这种情况就十分恶劣了，竟然截获日本韩国捐赠的急需物资去卖？如果确认属实，可以报警并追究法律责任……大家能否接受这种恶劣的行为？,1,,#顺丰#,1
加拿大钻石公司卢卡拉（Lucara）宣布该公司于本周一在非洲南部国家博茨瓦纳发现了一颗重达1111克拉的钻石，这是世界上第二大钻石，同时也是逾一个世纪以来被发现的最大的钻石,0,非洲发现世界第二大巨钻重达1111克拉,,0
钢铁侠Z:2月30号，我们在休假，蒙牛却在为我们生产良心奶,1,,,1
AMC娱乐美股盘前涨超80%，此前有报道称，亚马逊对AMC展开收购谈判。网页链接,0,王健林旗下AMC院线美股盘前涨超80%,#快讯#,0
快来看！一年一度315，长沙头条自微博征集消费者投诉线索以来，解决了大部分消费者切身利益，不仅让网友投诉得到企业回应，解决问题，还让企业在公平公开的环境里了解消费者需求。要投诉！上微博！头条君将继续为您发声。维权案例↓↓↓,0,扩散！长沙消费投诉进展集中公布,#长沙315曝光台#,0
"$江淮汽车sh600418$根据新浪认证“合肥热线”张弦暴料，央视竟然用日本生锈车来黑国产江淮汽车！央视“315晚会”江淮汽车“生锈门”事件,用的是几年的网络图片，锈车则是日本铃木车。央视“315晚会”，果然有看头…",1,精彩晚会,,0
国家发改委已批复7万亿投资。,1,,,0
股市财经新闻超话今日早盘，三大指数集体高开后震荡走弱，临近午盘一度拉升冲高后回落。截止收盘，上证指数涨0.03%，深证成指涨0.31%，创业板指跌0.13%。两市半日成交额超4500亿元，北向...全文,0,午评：两市冲高回落，汽车、家电板块强势，美的、招行、长城汽车多只热门股均创历史新高,#股市财经新闻#,0
5月9日，中国大陆拥有“两房”垃圾债券3763亿美元，前天暴跌88%几乎已经归零，还拥有5千多亿美国国债，看来早晚也是垃圾。两者之和超过9000亿美元。香港金融专家刘梦熊疾言厉色质问中国财政金融管理当局。官员拿回扣造成的！30年改革开放的家底大部分都套里面了。,1,中国9千亿美元瞬间成废纸,,1
今日一批A股尾盘明显放量，这与富时罗素季度调整正式生效有一定关系。据介绍，被动型资金通常会选在调整生效日当天尾盘调仓，因此往往会看到权重变动较大个股成交的“异常”放大。根据富时罗素此前公布的评审结果，此次富时罗素共纳入129只A股股票，...全文,0,富时罗素指数调整今日生效一批A股尾盘放量异动,,0
大众点评有独立上市的理想，这值得赞扬；2014年下半年差不多就能进行IPO。但与此同时，大众点评已经处在生死边缘，需要激进的改革方案，把总部迁北京、高层换血、裁汰老员工是可以考虑的三个方向。黄渊普犀利解读→→O网页链接,1,大众点评激进改革方案：迁都北京，裁汰老员工！,,0
昨天我披露遭网友吐槽三甲太丑的重庆国际小姐选美是世界杰出华商联合会(会长是李欣、卢禹舜)主办，今天查到活动招商手册，交60万“承办权益费”就能承办分赛区。选美潜规则是谁出钱就让谁上。这是对卢俊卿自称中国美丽经济第一人的发扬光大，全家五主席的卢俊卿总主席请勿对号入座,1,,#周筱赟爆料绝对靠谱#,0
大资金砸盘科技白马股，超20亿资金大出逃原创谢伊...超级大单：大资金砸盘科技白马股超20亿资金大出逃,0,超级大单：大资金砸盘科技白马股超20亿资金大出逃,#股票#,0
随着新版百元钞发行，旧版将慢慢退出流通，它们去哪儿了？在一处钞票处理中心，每天数吨从商业银行回笼的残损钞票被运到这里销毁。它们或被运往纸厂化浆，或被送去燃烧发电，或用作烘烤燃料……工作人员：在钱堆里工作，最基本的是要心如止水。,0,一张钞票的最后旅程[围观],,0
第一次全面汇总顺丰的电商供应链的成长路径：快递?电商快递?自有电商(顺丰优选)?电商供应链管理?嘿客，涉及品类最多的服装电商、价值最高的3C产品、SKU最复杂的化妆品，以及依托FLUX专业的WMS系统3月布局22个仓的推进方法和步骤...如图,0,案例：顺丰快速进军电商供应链之道，短短3个月上线22个仓,,0
"义乌商人赵某在香港注册了数十家空壳公司,跨境转移人民币数千亿元。若将130余万次银行交易记录打印出来,要耗费35000张纸,堆起来有3米高。地下钱庄严重威胁国家安全,这是迄今为止中国警方查获涉案人数最多,涉案金额最大的非法买卖外汇案件。",0,全国最大“地下钱庄”案：数千亿人民币转移境外[汗],,0
微软计划推出一个“ModernIO”风格的Windows8应用程序Skype的网站，这也是Skype被收购以来首次大规模将页面改组为微软风格，新的网站只面向一些访客随机提供，我们依然...--...Skype.com改版进行中beta上线测试,0,Skype.com改版进行中beta上线测试,,0
你或你身边的朋友是这样的吗？最近半年以来，上微博的次数与动力越来越少？虎嗅请独立第三方社交数据评测机构知微就微博活跃度进行了一番数据挖掘与分析。数据告诉我们→O网页链接,1,新浪微博活跃度已经降至2011年初的水平，距高峰期持续下滑超过30%,,1
有网友爆料自己花60万投资电影哪吒，回报收益1800万。。1800万。。。,1,,,1
在微软主动删除全球最大的面部识别数据库MSCeleb，在换脸算法老祖DeepFakes和其论坛被Reddit坚决关闭、遭到全球主流社交平台抵制之后，源于陌陌团队的ZAO，怎么这么有勇气还要来搞一波？换脸软件ZAO的微信分享链接被停止访问，被指存在安全风险,0,,,0
那就请认真查清楚到底有没有做假问题吧,0,,#爱奇艺遭美国证监会调查#,0
今日早盘，三大指数集体高开后震荡走弱，临近午盘一度拉升冲高后回落。截止收盘，上证指数涨0.03%，深证成指涨0.31%，创业板指跌0.13%。两市半日成交额超4500亿元，北向资金净流出近6亿元，两市超1400只个股...全文,0,午评：两市冲高回落，汽车、家电板块强势，美的、招行、长城汽车多只热门股均创历史新高,,0
让我说它那质量肯定是好的没得说。现在点我就有4核智能手机+2年话费。,0,,#中国好神机#,0
12月21日，在贵州茅台酒2020年度全国经销商联谊会上，来自全国各地的数百名经销商代表进行了诚信宣誓，表示不加价销售、不囤积居奇、不哄抬价格、不转移销售、不虚构销售、抵制假冒侵权等。贵州茅台官微,0,茅台数百名经销商代表进行诚信宣誓,,0
爱奇艺是比较狗，就算他在狗也是我们家的狗，我们还没打呢你打个屁啊。。。,0,,#爱奇艺遭美国证监会调查#,0
“会说话的汤姆猫”巨亏24亿背后：商誉减值、少年暴富、资本迷局“会说话的汤姆猫”巨亏24亿背后：商誉减值、少年暴富、资本迷局,0,,,0
刚听妈妈说哈尔滨到三亚的机票超级贵，然后就关注了一下，17400多元，这回趟家容易吗？,0,,,1
"必胜客欢乐餐厅推出超抵午餐优惠！任一款沙拉+任一款主食+任一款汤/饮料，最低仅29元！抵爆！逢周一至周五午餐时间可用！马上加入""gzdiye""输入“必胜客”获取电子优惠券！，新年劲抵陆续有来！",1,#PizzaHut#推出超抵午餐！,#PizzaHut#,1
中概股又被盯上！爱奇艺遭美国证监会调查，盘后股价大跌19%网页链接,0,,,0
原来洗衣粉广告也可以这么唯美——SKIP。,0,,,1
英国援引消息人士的话称，AMC和亚马逊已经就可能的收购进行了商谈，但目前尚不清楚双方的讨论是否仍在进行，或是否会达成协议。据报道，AMC濒临破产，给了亚马逊以低价收购的机会。,0,,#亚马逊有意收购万达旗下AMC院线#,0
诺基亚通信诺基亚地图和科技三大部门再次书写150年辉煌篇章。原博提到的奥利拉已于2006年卸任诺基亚CEO。友情提醒：同一诽谤信息被转发次数达到五百次以上的，构成诽谤罪。,1,,,1
广东高要某酒楼被举报购买并准备出售国家二级保护陆生野生动物——大壁虎，俗名蛤蚧。以每条28元、共1120元的价钱购买了40条蛤蚧，并计划以每条38元出售给客人食用。该酒楼采购员邓某、伍某被判处有期徒刑10年3个月至5年3个月不等，并各处罚金5000元。,0,广东一酒楼采购员收购40条野生大壁虎获刑10年,,1
4月21日，广东自贸区正式挂牌了。自贸区将对海淘、出境游、看病、买车、就业等产生影响，如进口商品能轻易“白菜价”买到；在创业方面，可享受出口税收等优惠政策，在就业方面，有望拿到“国际工资”。,0,广东自贸区今日挂牌,,0
虽然爱奇艺，但国内企业只能我们自己来管，我们平时怎么??它是我们自己的事，还轮不到你来（好像学校呀，只能我们自己??，别人一说马上翻脸）,0,,#爱奇艺遭美国证监会调查#,0
传闻中国移动9月1日起率先对微信微博收费，两种收费标准：1，包月10元/月；2、按条数收费，100条以下免费，600条5元，600至1200条10元，超过1200条每条收两分钱。,1,,,1
自己家的狗崽子别人就不要管了等狗崽子赢了继续骂,0,,#爱奇艺遭美国证监会调查#,0
“打假斗士”方舟子因不满新浪微博未处理对其人身攻击的用户，宣布今日起停止在新浪微博的更新，转战搜狐。如果方舟子能坚持100天不在新浪微博更新，凡转发本条微博者，我一人送一台电信版iphone4S，是一人一台，绝不食言。中国电信将为我撑腰，立此为证。,1,,,1
"发改委宣布2日0时起将下调国内汽柴油价，汽油每吨下调145元，柴油每吨下调140元。全国平均折合90号汽油每升下调0.11元，0号柴油每升下调0.12元，92号每升降0.11元，95号汽油每升降0.12元。国内油价迎来""三连跌""，也是年内第12次下调。",0,国内油价迎来年内12降加满一箱油省6元,,0
"60年前由于准确预测""一旦美国参与朝鲜战争，中国必将出兵朝鲜""一炮走红，从此确立了兰德公司世界第一智库显赫地位。去年兰德公司出台惊人预测报告：2020年中国将成全球最穷国家。读此报告，重在思考，而非评价。新闻来源：",1,美国兰德公司惊人预测：2020年中国将成全球最穷国家,,0
世界上最快乐的地方又回来了！！！当地时间7月1日，日本东京迪士尼乐园和东京迪士尼海洋乐园恢复营业。安全问题不必担心，园方规定，游客入园前须测量体温，超过37.5度者不得入园。后续也可能采取限流措施～你想来东京迪士尼玩儿吗,0,日本#东京迪士尼乐园恢复开放#,#东京迪士尼乐园恢复开放#,0
网友爆料，京基董事长陈华今天在澳门赌博已经输掉了京基100，现正办过户手续。未必是真的，供大家参考，但远离赌博，珍爱生命，永远是对的！,1,,,1
【我评：根据我的了解，外国东西主要是人工贵，东西不贵，当然我们房价涨的比较快传导效应也有点关系，货币供应量也偏大，90年代一碗面是2元现在是10多元，90年代一斤白菜4毛现在2元，90年代电影票几元现在几十元，90年代最简单的理发是几元现在几十元，差不多物价翻了几倍当然一...展开全文c,0,,#华人移民回国后傻眼#,0
今日，有媒体报道上海链家官网挂牌的二手房源中发布了一套位于静安区单价达36万每平的使用权房，市住建委已关注到并正在了解核实相关情况，调查结果将尽快予以公布，一旦发现违规行为，将按房地产市场专项整治的要求予以查处。|上海市住建...,0,上海住建委：正调查链家单价36万每平米房源情况,,0
今日有网友爆料称王思聪怒批共享充电宝：能成功他吃翔！共享经济成了当下的热门话题，其中的代表就是单车。随后共享充电宝投资人聚美陈欧微博回击，他希望不要因为王思聪的情绪不让这个项目入驻万达各位怎么看？,0,,#王思聪批共享充电宝#,0
央视新闻报道索尼即将破产，但是索尼官方立马澄清了谣言。。。央视这是唱的哪一出？,1,,,1
30年A股涨幅前50公司,0,,,0
谭昊：京城一著名公募总经理在员工大会上说，“如果我死了就算了，但凡我还有一口气在，就一定要把投资者的钱赚回来。”这家公司目前有200多万持有人，6年间亏损173亿。他对投研部门唯一要求是，“你们怎么把钱赔出去的，就怎么给我赚回来，否则我死不瞑目。”此刻，他正在病中。,0,基金总裁伤不起,,0
Cartier自7月1日起，手表类上涨3%，首饰类上涨7%。简单明了一句话，要行动的，要放弃的，自行决定吧。奢华购_兰泊,1,,#奢侈品调价#,0
很明显搭载了磷酸铁锂的model3更便宜更划算出口到国外对产能问题和成本问题都是很好的解决方案不过之前特斯拉开始在上海建造超级工厂时，为了让人们对交付放心，特斯拉并不只是将产能转移到中国，马斯克也坚称，特斯拉要满足中国本地的需求，而不是向其他市场出口。没人敌...全文,0,,#特斯拉出口国产Model3#,0
还有两千部Iphone4和五百部4S，为支持中国队，统统送！！！转发本条微博并关注MANCHUNLEEE，奥运会结束只要中国获得金牌最多，每人送一台，Iphone送完还有Ipad，根据转发先后顺序，迟了就只有nano了，快快转起来，中国加油！吃了就没有了！！,1,,,1
昨天公布了，道琼斯指数收涨2.95%，而纳斯达克收跌1.53%辉瑞涨10%，苹果跌1.76%，亚马逊跌4.73%，zoom跌16.34%，美股中概股方面，京东跌7.68%，拼多多跌6.92%，阿里巴巴跌2.9%,0,,#辉瑞新冠疫苗可预防90%病毒感染#,0
"近日，国家邮政局表示快递业将建立违法失信体系。该体系以建立""黑名单""和联合惩戒制度为重点，力争将快递业逐渐规范化。此前消费者遇到延误、丢失、违规收费等问题，仅能通过国家邮政局网站进行申诉。""黑名单""来啦，你要往""小本本""上记谁一笔？",0,"快递业将建""黑名单""专治快递业各种乱象！[噢耶]",,0
美股三大股指小幅低开，道指跌0.8%，标普500跌0.81%，纳指跌0.73%。个股方面，王健林旗下AMC院线高开56%，此前有报道称，亚马逊有意对AMC展开收购。金山云涨超8%，上一交易日收涨超40%。,0,美股三大股指小幅低开王健林旗下AMC院线高开56%,,0
黑龙江发布中国绿发会绿法会盟绿会志愿者今日向绿会，5月16日松花江开始禁渔，今年的禁渔期由往年的47天延长为77天，自5月16日12时至7月31日12时，禁止除钓具之外所有作业方式。但是据志愿者实地现场调查，非法捕捞仍然很严重。绿会将持续关注后续有关工作进展。,0,禁渔期非法电鱼捕捞“愈演愈烈”？谁来替松花江发声？,#举报#,0
为了能从一名姓霍的客户处获得资金，其在其没有真实交易的情况下从银行为她开出承兑汇票，这种风险也潜进了银行系统。这种拆东墙补西墙的游戏毕竟难以长久维系。,0,,,0
爱奇艺确实不是个好东西但是我们自己家的自己教育美国别凑热闹,0,,#爱奇艺遭美国证监会调查#,0
据外媒报道，微软的Xbox游戏机部门周一表示，公司将关闭视频游戏互动流媒体直播平台Mixer，并将该服务的用户转移至Facebook的游戏平台。微软将关闭视频游戏互动流媒体直播平台Mixer,0,微软将关闭视频游戏互动流媒体直播平台Mixer,,0
哪个都可以唯独这位同情不起来谁让他这几年做作得罪多少人了？,0,,#爱奇艺遭美国证监会调查#,1
我现在不骂你，你坚持住，别被美国欺负了,0,,#爱奇艺遭美国证监会调查#,0
我的会员还有n年呢！！！！说实话，孩子在讨人厌，也得关起门来打吧？关你美国毛线事？？？,0,,#爱奇艺遭美国证监会调查#,1
24日上午，西安地铁公司领导班子约谈了中铁一局集团电务工程公司等7家涉事施工单位及2家监理单位上级单位负责人，表示地铁方在主动认领责任同时，也将严厉追究涉事单位法律责任及合同履约责任。（三秦都市报）,0,西安地铁约谈3号线奥凯问题电缆施工单位负责人,#西安地铁电缆事件#,0
当地时间10月23日，南非矿业资源与能源部长曼塔谢前往该国西开普省莫索贝附近海域卢佩德（Luiperd）钻探井进行了视察。被勘探区域称为布鲁尔帕达（Brulpadda），距离南非南部海岸约175公里，面积18734平方公里，水深从北部的200米渐变到南部18...全文,0,#南非首次发现深海大型油气田#或将结束其油气进口历史,#南非首次发现深海大型油气田#,0
老干妈腾讯的逗鹅冤可能真相大白了原来是大儿子的公司签的，老干妈陶华碧不承认,1,,,1
领导不力导致业务下滑任正非被罚款100万,0,,,1
$天齐锂业sz002466$天齐锂业美元债迈向五个月新低，点击链接查看更多->网页链接,0,,,0
三星也挺会捣蛋的，O(∩_∩)O哈哈~,1,,,1
秋冬是调理养生的传统季节，各种滋补品进入消费旺季，记者在大连水产市场的滋补品专区了解到，购买海参、花胶、燕窝的顾客最多，一些店主正在为进不上货而发愁。1，合理的对待，首先就是要根据自身情况，如果确实需要某类食材改善体内环境或者因为地理环境因素，需要的，...全文,0,,#滋补品轮番涨价你还会买吗#,0
对于一个穷的只剩下钱的人，香港是一个好去处。,1,逃港者－－马云,,0
看了一段评论，原来基民投基金还要看颜值的，我提醒一下经理人也要管理身材，右边的可以，左侧的不行。,0,,,0
爱尔兰瑞尔航空公司今早公布的新LOGO……「via白丁2008」（关注GayHostel）,1,,,1
近日，多位网友向新民晚报记者反映，位于常德路的LeBistrotdeRacine餐厅所卖的餐后甜品“撞脸”上海多家甜品店招牌产品，这些在各家甜品店售价35-88元的产品在LeBistrotdeRacine被卖到120元。对此，BoboLEECake的店长告诉记者，此前就发现...全文,0,视频|人均消费千元，#黑珍珠餐厅甜点全靠外卖#？,#黑珍珠餐厅甜点全靠外卖#,0
在权健集团的官方宣传中，权健集团创始人束昱辉毕业于清华大学，通过收集“民间秘方”，打造出年销售200亿元的保健品帝国。但清华大学多次向媒体回应，无论束昱辉，还是束必和，清华大学校友名录中均查无此人。束昱辉的发小向扬子晚报回忆，束昱辉中学毕业后便出门打工，曾?展开全文c,0,权健创始人束昱辉发家史,,0
一头是有员工卡、家属卡的「内部人」；另一头是会钻、会跳的「弱势群体」。营收全靠老实的买票人，还想多赚怎么办？抓逃票？最后选择最容易的涨价。所以没门路弄员工卡，厚脸皮的人就做无赖。地铁管理最后为大众指出一条明路:「看，无赖能赢」via上海硕鼠O网页链接,1,上海地铁现状,,1
“你好，你听说过安利吗？”“就是那个老板自己吃了27年却56岁就死了的保健品？”“……再见”,1,,,0
特斯拉中国在10月19日称，目前上海工厂已基本完成产能爬坡，在满足中国消费者需求的同时将把产品提供给欧洲消费者。美国电动汽车媒体Electrek报道称，目前已有法国消费者收到单据，显示其购买的Model3将来自中国。特斯拉中国产Model3将出口至欧洲,0,特斯拉中国产Model3将出口至欧洲,,0
不少网民在微博，微信和QQ群上同时收到这样骇人听闻的诽谤信息：称中央电视台已经播出，可口可乐承认旗下(果粒橙)含有美国禁用农药「多菌灵」，并告诫...O网页链接,1,可口可乐：已正式向公安机关报案_网易女人,,1
虽然我不喜欢爱奇艺但是更不喜欢长臂猿美国哪里都要插一等这事完了271我还是会继续说你的狗崽子加油,0,,#爱奇艺遭美国证监会调查#,0
美股开盘道指暴涨逾1500点，创历史新高。之后，多只科技股下跌带动纳市高开低走。辉瑞盘初涨15%，受公司新冠疫苗消息提振。航空股、邮轮股、旅游股集体大涨。嘉年华邮轮大涨30%，美联航、美国航空涨超20%；,0,,,0
爱奇艺称遭美国证监会调查，股价盘后跌超16%,0,,,0
美国三大股指集体高开，道指开盘涨超1500点；辉瑞涨超15%，此前辉瑞与BioNTechSE公布最新新冠疫苗研究数据；受辉瑞疫苗消息利好，AMC院线大涨75%。,0,,#美股#,0
中国人就这样，跟人家麦当劳有啥关系，还不是看人家是外国企业，有钱啊。为钱不要脸了都。麦当劳否认网传声明;专家:家属可起诉求偿。O假消息店家不承担孩子生活费（分享自搜狐新闻客户端）,1,假消息店家不承担孩子生活费,,1
百度今天发布了截至6月30日的2020财年第二季度未经审计财报。报告显示，百度第二季度总营收为人民币260亿元（约合36.9亿美元），同比下降1%；归属于百度的净利润为人民币36亿元（约合5.07亿美元），同比增长48%。百度第二季度总营收260亿元净利润36亿元,0,百度发布第二季度财报净利润同比增长48%,#科技公司财报#,0
微软在MSDN上宣布，他们将于2020年6月1日关闭用于WindowsUWP应用的MicrosoftAdMonetization平台。……详情点击：凉凉，微软计划关闭Windows10UWP应用广告收益平台,0,凉凉，微软计划关闭Windows10UWP应用广告收益平台,,0
20日当天来自澳大利亚和韩国商品中，澳大利亚的龙虾制品、罐装鲍鱼等将立即取消关税；而韩国西洋参、天麻等关税也降为零。至于澳大利亚奶粉、牛排；韩国化妆品，则没有马上免税。其中澳大利亚配方奶粉要4年后才完全免税。,0,中韩中澳自贸协定今起生效哪些商品可以马上免税,#民生#,1
据路透社报道，中国农业银行副总裁杨琨欠澳门赌债30亿人民币，此前中国农业银行已发布公告证实，农行执行董事、副行长杨琨正协助有关部门调查，但未透露杨琨所涉具体事由。,1,外媒：农行副总裁杨琨欠澳门赌债30亿人民币,,0
$天成自控sh603085$天成自控：收到上汽大众，点击链接查看更多->网页链接,0,,,0
不管咋滴，这是中国的企业，而且美国的目的也是司马昭之心，也别太幸灾乐祸了。,0,,#爱奇艺遭美国证监会调查#,1
周一早盘，沪指高开低走，盘中一度跌逾1%，随后拉升，再度站上4300点，创出七年年新高；午后沪指一度走高涨近2%；随后大盘跳水。截至收盘，沪指报4217.08点，跌1.64%。成交量方面，沪市成交突破万亿元大关，随后数据不再更新。,0,先升后跌！沪市成交额爆表破1万亿,,0
魅蓝5S即将年后发布？此前曾有曝光魅蓝5S将于除夕夜发布，但被证实为假消息，该手机搭配联发科6753和5.2英寸屏幕，此次再次曝光其售价高达999元，大家怎么看？,0,,,0
中国人对红木家具的痴迷，直接导致了紫檀、黄檀、黑黄檀数量的大幅下降。为了遏制这一现象，华盛顿公约在2013年将五种红木提升到了附录二，意味着国际贸易已严重威胁到这五种植物。但这一条款的公布，可能会间接引发中国红木贸易最后的疯狂：,0,你以为你消费的只是红木？,,0
9月15日，阿里巴巴在香港开启亚洲市场首场路演。马云意外透露，已经在香港置业，并将通过投资移民的方式落户香港，预计2015年底就会正式成为香港永久居民，希望晚年能在香港度过。大鹏看天下,1,马云2015年移民香港！,,0
太恶劣了；疑似顺丰快递员截获用户购买的口罩朋友圈叫卖，转发曝光严惩。顺丰集团happy热哥的微博视频,1,,,1
又出幺蛾子，别怕，奉陪到底。,0,,#爱奇艺遭美国证监会调查#,0
外资目前净买入7.39亿，今天的目的很明确，富时罗素扩容，及时盘中不进场，尾盘也会大笔资金被动进场流入A股。众泰汽车这么个涨法，应该是有大机构要去收购这个汽车了吧？不然怎么天天涨停！！！,0,,#财经#,0
南京将聚焦软件和信息服务、新能源汽车、新医药与生命健康、集成电路、人工智能、智能电网、轨道交通、智能制造装备等八大产业，提出全面实施产业链“链长制”，推动八大产业主营业务收入每年增长20%左右。推动IC、AI等主营业务收入年增长20%，南京发布产业链发展工作方案,0,推动IC、AI等主营业务收入年增长20%，#南京发布产业链发展工作方案#,#南京发布产业链发展工作方案#,0
中央经济工作会议今天开始在北京举行，会议将布置明年经济工作。2015年是“十二五”收官之年，今年成绩如何？还有哪些考验期待解决？戳链接看中国经济的“成绩单”↓↓,0,一图解读：明年中国经济将迎来哪些考验？,,0
『比尔盖茨：我们低估了口罩的价值某些领导人帮倒忙』比尔盖茨：我们低估了口罩的价值某些领导人帮倒忙,0,,,0
网上热传，微信收费将于7月1日开始，收费标准信息5分条，语音1毛条。如果是真的，你还会用吗？,1,,#微信收费#,1
香港0.2元/度，上市公司中电2011年盈利131.88亿港元；深圳0.68元/度，内地电厂和电网都喊亏！香港年人均收入约20万人民币，深圳人均约5万。你年年都喊亏，钱亏哪儿去了？对说谎和鱼肉百姓者是否应该建一份＂最缺德＂档案呢？,1,深圳香港电价对比,,0
垃圾爱奇艺，哦，同情不起来虽然不喜欢爱奇艺，但也轮不到美国查吧，爱奇艺这只??只能我们自己欺负,0,,#爱奇艺遭美国证监会调查#,0
人家45分钟下了42G，果然是大公司,1,中午刷不开新浪微博，原来是这样。。,,1
"519中国旅游日当天，净月潭景区门票实行半价优惠，成人原价30元，半价15元,学生及老人票价15元不变景区开放时间客服中心：8:00至16:30正门西门：5:30至19:00",0,,,0
12月20日，在今天举行的第二届崇礼论坛上，百度创始人、董事长兼CEO李彦宏在演讲时指出，过去十年是“互联网经济”时代，未来十年，“智能经济”将成为中国经济的标签。谈及2022年北京冬奥会，会场将部署经过百度无人驾驶技术改造的无人车。,0,,#智选联通·趣侃冬奥#,0
别讲话用心去感受～广州白云区陈田村130亿拆迁赔偿款到位，村部礼堂分钱，5000人。每人260万。行政法思述的微博视频,1,,,1
在网上看到新闻，说马化腾先生昨晚因汹酒过度导政心肌梗塞死亡？是真的吗？,1,,,1
近日，省公安厅、省农业农村厅发布。为提高全社会对长江禁渔工作的知晓度、参与度，鼓励广大人民群众积极举报违法犯罪线索，协助公安机关和农业农村（渔政）部门查处非法捕捞违法犯罪案件，现将全省各市州、直管市、神农架林区公安机关、农业农村（渔政）部门受理举报电话公布如下：,0,湖北公布长江流域非法捕捞违法犯罪举报电话,#长江流域重点水域将10年禁捕#,0
去医院就是孕检？这个时候不是应该给他们多一点空间吗？别过度关注了剧有料bot的微博视频,0,,#何猷君否认奚梦瑶怀二胎#,1
两只乌龟在田边一动不动，一专家问老农，它们在干什么？老农说“在比耐力，谁先动谁就输了”专家指着一龟壳上有甲骨文的龟说:“据我多年研究，这只龟已死五千多年”另一只龟伸出头来说:“草！死了也不说一声，害得老子在这里干等”话刚说那只有甲骨文图案的龟伸头大笑“你输了吧，专家的话你也听“,0,,,0
JYJ简单的谈话视频，全称无尿点，各种好笑，但是麻烦当哥哥的下次不要欺负秀秀，好么。,0,,#韩流天天看#,0
你们都在刷着文章，马伊利，可你们知道么？文章文章的声明是抄袭高晓松高晓松的。,1,,#周一见#,1
秋天到了，冬天还会远吗？未来的“文化部部长”兼“二人转转长”山本大叔昨晚已被控制，清算倒计时。拔出萝卜带出泥，洗都洗不干净啊。。。。。。,1,,,1
重要通知：少数民族运动会期间，郑州所有物流停运，大家该屯东西的这两天赶紧！8月25号起快递停运！郑州同城,1,,#郑州爆料#,1
昨天爆出PaulWalker的车祸死讯，夜里爆出死者照片，结果刚刚又爆出已经缝合好的照片，据说没有死，你们这是要折腾死我们啊！？（照片血腥，请谨慎查看）,1,,,1
整理出40部反复看都不会腻的韩国电影，小伙伴们赶紧马走慢慢看。,0,,,0
(〃▽〃)睡树上叫都叫不醒，下到一半还伸爪子求抱抱，是有多懒啊......,0,,#今日最鲜#,1
荣光的一位是谦虚客气的志龙！,0,BIGBANG饭团?直播,,1
这群鸭子好励志啊，感觉最后一只上去的时候眼泪都出来了！,0,,,1
章兄的書終於收到了聖寶劍橡葉騎士,0,,,1
20日，澳大利亚一名女子在昆士兰遇到一条巨大的橄榄蟒，吞噬一只淡水鳄鱼。她冒险用镜头记录下了这一幕，最后蟒蛇对着镜头顽皮一笑，好像什么也没发生……,0,巨蟒生吞鳄鱼后对镜头“顽皮一笑”[生病],#微镜头#,1
7月23日上午，主题为“亮丽内蒙古相约敕勒川”伊利情——第27届内蒙古草原旅游那达幕大会暨第13届中国·蒙古族服饰艺术节在土默特左旗敕勒川草原文化旅游区（哈素海）隆重开幕。戳图了解！,0,呼和浩特那达慕大会现场高清大图，具体项目时间安排出炉,#呼和浩特身边事#,0
刘翔的七步上栏法是针对从起跑点到第一个栏杆之间的距离13.72米，但是这次伦敦把这个距离增加到13.85米，这就不难理解刘翔在第一个栏就踩栏，也导致同组多名选手踩栏，而英国选手练的就是13.85米，所以顺利晋级！关注中，求真相帝！?薛蛮子,1,网传刘翔退赛惊人内幕伦敦粗心竟令栏间距增加！,,1
国外某网友家里养了七只喵星人，每天下班回家的时候，都能看到窗户后面一排喵星人瞪着自己……你来感受一下。实际上，喵星人的想说的是：“铲屎的你终于回来啦！快来伺候大爷们！”一首,0,集齐七只小奶喵能不能实现一个愿望？[喵喵],,0
信任，就是这么建立起来的，好有爱！！！,0,,,1
体育所体现的是人体和运动的美，、与设计跨界结合，希望用更现代、艺术的方式传递运动之美，也让厦门这座融合多种文化的城市，透过一枚特色奖牌，让跑者和关心体育的人能直观地感受它的文化底蕴。|厦马和海沧...,0,,#厦门马拉松#,0
曼联对阵尤文图斯的赛前发布会上，穆里尼奥本人否认了与皇马的绯闻，他表示自己更愿意留在曼联。穆里尼奥说：“我在这很开心，我愿意履行完我的合同，我也愿意在合同到期后继续留在这里。我现在想的所有事情都是关于曼联。”谈及对手，穆里尼奥恭维尤文道：“尤文过去五年都是冠军的候选，他们打进了展开全文c,0,,,0
杨振宁82时娶了28岁的翁帆，如今，翁帆68岁的父亲翁云光和杨振宁18岁的孙女喜结连理。翁云光表示杨振宁将夫妇将到潮州参加他与其孙女的婚礼......我完全不知道他们将怎么称呼对方或者其子女今后该怎么相互称呼了......（微评：行为惊人，推陈出新。）,1,这一家四口，搞晕了13亿中国人！,,1
“不打篮球的人永远也不明白篮球空心‘唰’网而过的声音有多迷人。”大家晚安,0,,,0
最近超火的苯宝宝是不是唤起了你内心深处的化学之魂？果壳网,0,苯宝宝表情包闯作大会，本宝宝已疯,,1
超有范的儿童版，那个尖叫不断的现场.....好火辣！,0,,,1
杭州亚运会官方供应商身份发布会暨衣邦人六周年庆倒计时1天1月6日（明天），锁定衣邦人，与你不见不散~,0,,#热爱向未来亚运有温度#,0
房祖名被抓的时候不是说了吗，大麻是朋友从国外带来的，港媒不是爆料房祖名有120个艺人朋友涉嫌吸毒嘛，他微博上关注了EXO的鹿晗和黄子韬，想起前两天EXO在机场拒绝检查行李…………睡觉了…晚安………柯震东房祖名吸毒2PrincesAvenue,1,,#柯震东房祖名吸毒#,1
“去欧洲，你会感受到西方的文明；去看尼亚加拉瀑布，你会感受到大自然的鬼斧神工；去梵蒂冈，你会感受到历史人文的厚重……”王启思带着老伴玩了12年，还要继续“加快脚步”。他鼓励不管是年轻人还是老年人，都应该要多去外面的世界看一看。,0,年纪大了，要加快脚步看世界！,,0
今晚有三首歌是张杰以前唱过的，不同的声音，不同的感悟。回味一下杰哥的版本吧。MP3版,0,我是歌手,,0
文章陈妍希双双出轨!马伊琍陈晓忍无可忍要离婚?网友感叹：贵圈真乱文章陈妍希双双出轨!马伊琍陈晓忍无可忍要离婚?网友感叹：贵圈真乱,1,,#文章#,1
"n.照骗。faux是法语的""假""，读音。faux+photograph合在一起就是假照片。",0,fauxtograph,#每日一词#,0
HappybirthdaytomaggieMaggiesum11??,0,,,1
正经科普向|薛之谦的聊...,0,,,0
听说广电规定从此以后所有电影女主角感情必须从一而终，不得有三角恋。呵呵了，怎么着，要不要回封建社会，妹纸们小脚裹起来？！,1,,#性别歧视要升级了是吗#,1
今天出狱，出狱即巅峰，900w签约快手，打工是不可能打工的啦，这辈子都不可能。yevon_ou的微博视频,1,zt,,1
脚伤照片出来了，不多说了，刘翔，英雄。质疑刘翔作秀的人，请闭嘴！！！刘翔我们支持你！请大家顶起来，让感动常在！,1,心灵,,1
「有哪些长得比较逆天的动物？」哎呀哎呀都好萌呀，长见识了(??????????),0,,#值得一看#,1
昨晚东航飞上海，又是流量控制，不出所料地晚点近两小时。翻看，封面是郭敬明。他提到给韩红写歌时，赶不上回沪的飞机。韩红一个电话，飞机延迟起飞，等他登机。忍不住联想，全国比韩红能量大的权贵名流又有多少？普通人连自己的时间都守不住。,1,,,1
这笑声太魔性了！根本停不下来！,0,,,1
六小龄童（大师兄）离开人世了，二师兄横尸黄浦江，没有大师兄的保护，唐僧真的摊上大事了！（埋葬唐僧遗体古刹为申遗被拆）话题双井站我在:2江南大道,1,,,1
京城四少：内地有不少喜欢和女明星传绯闻的富二代，其中几个年轻帅气的被戏称为“京城四少”，即京城四少汪小菲、汪雨、王烁、王珂。汪小菲，“俏江南”集团老板张兰的独子，生活奢侈，喜爱名车。和章子怡传过绯闻，张雨绮曾经是其公开女友，目前已同台湾女星大S...O网页链接,1,,,0
昨晚祁同伟和高小琴这一段简直就是中年人偶像剧既视感，明明是反派还差点看哭我，尤其是那句：“没有谁可以欺负你”和“记住，我最爱你”....真让人少女心爆棚，比好多偶像剧还自然和真挚，这一刻我的三观已经飞了，好希望他俩一起远走高飞秒拍视频.,0,,#人民的名义#,0
NBA目前疫情影响，很多球员无法返国隔离，这也包括我们cba名将孙大圣（孙悦），春节期间，孙悦陈露携全家美国度假，目前美国疫情严重无法回国，大胆的推测他俩应该都拿到绿卡了，改国籍就是时间的事,1,,,1
自称李敖第二，染香第一。天生胸狠，迷人的五毛党主席，最犀利的时事评论员的染香终于在东方卫视露面。这就是传说中调侃过不少男人的染香。其真名叫余进，曾经的杭州高考状元，清华高材生，流血英国剑桥…,1,染香写真曝光,,0
刹那、弹指或瞬间到底是多长时间。记载：1剎那者为1念，20念为1瞬，20瞬为1弹指，20弹指为1罗预，20罗预为1须臾，1日1夜有30须臾。换算结果：须臾＝48分钟，弹指＝7.2秒，瞬间＝0.36秒，剎那＝1念＝0.018秒。须臾>弹指>瞬间>刹那=1念。（转）,0,时间概念,,0
美国当地时间2月19日星期二早上8点，著名演员摩根-弗里曼因心脏病在洛杉矶去世。他被大家熟知的代表作有、、三部曲等。向伟大的艺术致敬！今夜，点灯。,1,,,0
:每次看到这样的你，都好心疼！拜托一定要照顾好自己！??????Bigbang权志龙公共主页,0,,#G-Dragon#,1
看國外新聞說：演員尼古拉斯凱奇（NicolasCage），滑雪身亡，1964-2013，年仅49岁。真的假的？！上海派對SHClubbing,1,,,1
整体酷似年初好评如潮的那部，科学家、人工智能与外来探访者的故事，低成本，小格局，悬念出彩，探讨科技伦理，涵义丰富，结局大翻转更引人思辨，非常良心的独立硬科幻，重新探讨了那个古老的科技命题：机器人可以具有人性吗？在线：,0,2015科幻惊悚片《非凡》,,0
"刚刚我趴在楼上阳台吃葱油饼,听到楼下有一对男女的谈话.男的脸红说:""你能和我交往吗?""女孩冷冷地说:""只要天上掉葱油饼我就和你交....""我一听,顺势就把葱油饼丢到了女孩头上...加油吧!小兄弟!只能帮你到这了!",0,,,1
把目光放在别处，洒脱还给自己，做想做的事情，去想去的远方。,0,,,0
窝突然想总结一下！！QAQ不不就对比一下！！QAQ因为...差的好大！！卧槽窝以前怎么就那！么！渣！！艾玛这么渣基友都不嫌弃好感动！！2012年3月10日茶蛋刚出生和现在的饺子和麦片！...我要继续加油~~TuT,0,,,1
近日，一只宠物猴的照片风靡网络。据了解这种猴名为“石猴”，国家唯一允许个人饲养的宠物猴，8000一只价格不菲。石猴并不易养，性格太过活泼，“很皮，模仿力很高，有的时候会自己打开煤气阀门，拿着打火机玩，很危险！”,1,终于找到这只猴子了！活脱脱的孙悟空！,,1
"11日播出的JTBC新综艺中,Jackson很早就起床去卫生间为外出做准备,此时他脱掉上衣,展现出结实的腹肌.",0,naver综合,#他人的取向#,0
朴三岁小盆友扑闪扑闪的大眼睛~,0,naverblog,,1
希望传闻是真的，保罗·沃克还没有死.,1,,,1
1910年的今天他生于无锡，19岁被清华破格录取，数学仅15分；他立志横扫清华图书馆，一部作品引述4000多位名家的书证；他涉笔成趣，长篇小说被誉为“现代”；他与杨绛先生的爱情，让人羡慕动容……他曾说：“越是聪明人，越要懂得下笨功夫。”怀念！,0,钱钟书，嗜书如命,#那年今日#,0
近年演艺界人士涉毒消息屡现报端，一些吸毒者自称“借吸毒减压”。对此，陈道明发问：“现代人谁没压力？你压力有老百姓大吗？”“演员，要非说有压力，也是在名利场想出名的压力。用压力解释吸毒，纯属借口。”（新华网）,0,陈道明发问吸毒艺人:你压力有老百姓大吗？,,0
“组织”就是在你遇到困难时，他说无能为力；在你遇到不公时，他说要正确对待；在你权益受到侵害时，他说要顾全大局；在你受到诬陷时，他说你要相信组织；在需要人做出牺牲时，他说组织考验你的时候到了；当需要人冲锋陷阵时，他说是你坚强后盾；在你取得成功时，他说是组织培养的--周立波,0,,,0
一定要这样子欺负一只单身狗吗？！心疼,0,,,0
下期嘉宾阵容！东东陈学冬、小骄傲张艺兴努力努力再努力x、李小璐Super璐、、姜雯coco看到嘉宾小编就坐不住啦，这周末还没过完就期待下周末啦！精彩预告快点戳：,0,,#快乐大本营#,0
在北京时间昨晚葡萄牙1-0战胜摩洛哥队的比赛当中，C罗女友乔治娜再次亮相球场观战。球星C罗14年换22任女友，各个都是顶尖美女！娱乐情报小...,0,,#C罗女友乔治娜#,0
为强化广播电视节目的科学评价和规范管理，准确掌握广播电视节目收视情况，国家广播电视总局制定并发布了,0,,,0
你有多久没有问候身边的人？你又有多久没有收到别人的问候？今天对于每个人来说都是一个温馨的节日，无需昂贵的礼物，无需繁复的礼节，需要做的很简单，只要一个笑容，一声你好，一个拥抱，就能把快乐带给周围的人。世界问候日到了，问候你最爱的人。(央视),0,今天世界问候日你想问候谁？,,0
"公开了六名角色海报.这部根据韩国人气漫画改变的电视剧将在明年1月4日tvN月火档播出,由朴海镇、金高银、徐康俊、南柱赫、李圣经等联袂出演.",0,naverblog,#奶酪陷阱#,0
年轻时无论如何要确立一个目标。一克服懒惰消极靠目标。没目标就瞎混，一天到晚打牌玩游戏睡懒觉。二克服怨天尤人靠目标。没目标就牢骚满腹，小小年纪，什么都没干就学出一付失意老者的尖酸刻薄，一肚皮不合时宜，一脑子愤愤不平，觉得全世界对不起你。最无聊。古语说：“品卑由于无志。”定方向要努力,0,,,0
(〃▽〃)猫咪第一次见小豚鼠：诶，这是个啥啊......还挺萌的......摸摸头,0,,,0
刘翔七步上栏法针对从起跑点到第一个栏杆之间的距离13.72米，但这次伦敦把距离增加到13.85米，这就不难理解刘翔在第一个栏就踩栏，也导致同组多名选手踩栏，而英国选手练的就是13.85米，所以顺利晋级！求真相啊新闻：,1,网传刘翔退赛惊人内幕伦敦粗心竟令栏间距增加！[汗],,1
今年4月1日是张国荣逝世十周年，其生前好友兼经纪人陈淑芬将宣布一个保守了十年的秘密。据媒体报道，张国荣系他杀，当时警方在香港旺角将犯罪嫌疑人周峰国抓获。香港警方称，当时抓捕活动只用了两个小时，且掌握了大量证据证明张国荣是周峰国所杀。,1,张国荣真实死因将公布,#快讯#,0
古巨基大婚刘翔苏有朋到贺,0,11月11日7—17时要闻回顾（又名光棍节虐狗大合集）,,1
38岁的柴静算高龄产妇，她自己是资深烟民，这个和她的孩子有问题关系还要更大一点。不否认她做雾霾的事情对大家有利，没人可以忽视污染，不重视环境，但把自家孩子出的问题归咎于雾霾有点牵强！刘若英45岁生孩子，孩子也很健康！一个长期烟民、作息时间不规律的妈妈，孩子出问题很正常！,1,,#穹顶之下#,0
因公司大量库存！假如本届伦敦奥运会结束时，中国代表队还能在金牌榜上排名第一，现决定：参与转发本微博并关注广晟通讯的一人送一台iPhone4s。绝不食言，说到做到，中国加油！,1,,,1
据第12次全国国民阅读调查：①2014年我国国民人均纸质图书阅读量4.56本，比去年少0.21本②人均每天读书时长18.76分钟③人均每天互联网接触时长54.87分钟③仅2%国民认为自己阅读数量多。你，有多久没看书了？,0,戳↓感受一下中国人阅读现状[围观],#爱读书，读好书#,0
拉病人到大衣哥家中，要求其捐钱治病网络重哥的微博视频,1,,,1
烂片通缉令六六通知：5月12一定不去影院，大家一起为票房为零，做努力！中国人拍的在日本小鬼子票房为零。小日本拍的3D将于5月12日在中国大陆上映。而5月12日既是南京大屠杀纪念日，又是国难日。勿忘国耻！！作为中国人，敢不敢让贞子3D票房为零。,1,,,1
老外们时常议论，很多中国人在说英语时，听起来没有礼貌；并不是这些中国人本身没礼貌，而是他们还没有习惯英语的礼貌表达方式……「转」,0,中国人说英语为什么听起来没有礼貌？,,0
国外男歌手翻唱Adele热单嗓音独特超，级走心，好听到心醉！,0,,#下午茶#,0
操你妈小日本，苍井空闻风丧胆夹着尾巴逃回了日本，生怕因钓鱼岛事件自己被中国人民轰走，在日本居然有脸发声明宣布自己是爱国的，要退出中文微博。再来中国弄死你！来看此AV女在日本网站发表的爱国声明原文及翻译。爱国的顶起来把这些下贱胚子赶出中国。O网页链接,1,,,1
一位特别喜欢小熊猫的姑娘，跑到各处去拍它们，每一张都觉得好萌啊！?ω?,0,,,0
哎呀是不是疯啦炒女孩宿舍停电不要怕之Sunnee老师的泰语课堂详情请关注Sunneeins一個特別嘉...,0,,#火箭少女101#,1
要说情话，此句最好：有人问我你到底是哪里好，这么多年我还忘不了，春风再美也比不上你的笑，没见过你的人不会明了……李宗盛。,0,,,0
这年头没个英语专八的水平你都不好意思出来当乞丐···,0,,,1
"在今天Vapp中剧透Repackage专辑预计于23日发行,这次的Repackage有GOT7成员们的参与.",0,instiz,#GOT7#,0
这不是我青春的全部意义但却是不可或缺重要的一部分，我的青春回忆会因为爱着权志龙这样美好的人而更难忘，这也不只是一场演唱会它所带给我的能量会支撑着以后任何一段困难的时光，然后还有就是，凡是让我们喜欢到无力自拔的人我们都要去见上一面，这样才能安心的过好以后的生活虽然我们终究不能在一起,0,,,0
歌手和田光司于4月3日上午因上喉癌去世，享年42岁。感谢你曾经带给我们的无限大的梦想R.I.P,0,,,0
最近一首歌刷爆微博、朋友圈，“为什么天空变成灰色/为什么大地没有绿色/为什么人心不是红色/为什么雪山成了黑色……”歌手谭维维与华阴老腔艺人跨界合作，在持续重污染天气里，转发呼吁，还世界一点颜色~,0,当摇滚遇上中国民间艺术你喜欢吗？[带感],#微音乐#,0
有人对此鄙夷：收视率高是因为脑残多。很扯蛋的话!只有神经病才觉得别人都不正常。大家爱看这部剧，是因为它投射了现实，表达了人们想说又不太好说的话，揭示了人们心知肚明的社会现象。电视剧与周梅森的小说有距离，看小说更带劲儿，更有教育意义。,0,《人民的名义》收视率高,#何检看法#,0
是台湾同名电影的主题曲。台湾山地的茶农在种植茶叶，特别是台湾特有的高山云雾茶时，会在茶山周边、甚至是茶叶植株的附近辅助地种上鲁冰花。据说鲁冰花凋谢后肥沃了土地，可以让茶树开得更加茂盛，并且可以让茶叶芳香甜美。,0,,#鲁冰花长这样#,0
芙蓉姐姐于下午13点左右在家中自杀身亡，原因不明！目前警方已介入调查。怎么会这样啊？哎可惜了！愿一路走好！人民网扬子晚报孔庆东郭德纲何炅谢娜南方都市报中国新闻网有报天天读凤凰卫视爱奇艺娱乐微博同城会马伊琍刘晓庆张泉灵,1,@芙蓉姐姐就这么走了,,1
2013，我们如智者，面对生活乐观积极，我们似行者，追求梦想永不停歇，我们做勇者，面对挫折越挫越勇，我们为德者，化解仇恨以德报怨，这一年我们收获了很多，愿2014可以更加美好幸福。鲜花的快乐生活专业提供网上订花、鲜花速递，市区最快三小时内送达！,0,,,0
摸奶节是当地彝族传统文化的庆典，每年“鬼节”，就是农历的7月14日、15日与16日这三天，除了烧纸祭奠“好兄弟”之外，来到镇上的男男女女，只要出现就要遵守“摸奶节”的规定，是男人就高兴地摸，是女人就要愉快地接受被摸。,1,色男无法自拔的彝族摸奶节,,0
"名字真是门学问,下载一堆姓名学app,买了些姓名五行书,希望他们中文名或英文名能有关联性,看来我要好好开始研究了你有什么好建议呢?",0,,,1
"领导和姚明一家合影，领导们当仁不让的站到了姚明一家的前面，姚明的母亲几乎被挡住,第二批上来的是姚明火箭队的美国人，给姚明老婆和母亲全部让位。。。。。（via广州刘云云）——2011年7月21日",1,风度和教养,,1
（我现在出门都带个本，随时接灵感，一不小心就创作了）,0,,,0
当几个残疾小孩唱出：“以后我会英俊吗？会富有吗？妈妈说，世事不可强求，一切順其自然吧。”很震撼，泪奔！最后二十几秒的歌声空白，让人遐想联翩~~,0,,,0
心理学博士张怡筠：不管这个人再有钱，长得再帅，只要他喜欢抱怨，你赶快谢谢他，祝他一辈子幸福，并再也别跟他联系了,0,,,1
限制未成年人每天登陆时长、升级成长守护平台、强化实名认证体系——为保障未成年人健康成长，经过将近一个月的调试和内测，腾讯将于7月4日以为试点，率先推出健康游戏防沉迷系统的“三板斧”。,0,王者荣耀将严防沉迷措施：12岁以下每天限玩一小时,,0
王俊凯晒多张自拍照，精致侧颜获赞。照片中，他身穿黑色羽绒服，刘海梳的整齐，瞪大的双向镜头放电，有网友调侃道：“又可以换屏保了”，但是又有网友调侃道。。。。。,0,,#大叔神吐槽#,0
陈奕迅现场版，“两鬓斑白都可认得你”，太好听！！！,0,,,0
最佳作品赏——<国际市场>！由中国演员孙红雷和高圆圆为作品颁奖！,0,,#第52届韩国电影大钟奖#,0
什么时候，我们能面对面的看一眼，不再隐藏彼此，什么时候才肯明明白白的将这份真诚在我们有限的生命力交代的清清楚楚呢？——三毛,0,,#环球语录#,0
第52届结果揭晓。影帝冯小刚则表示应该入围新人奖，以后再也不主演电影了。电影刺客聂隐娘获得五项大奖成最大赢家，68岁的侯孝贤获最佳导演，并表示想再拍唐朝戏，还要再拍十年电影；林嘉欣Karena十三年后再得金马，实现新人奖、女配、女主大满贯。参与调查：,0,,#金马奖#,0
去年12月21号为“七个作家”写的半年庆的文章，从这个公号开通，每天都有人在预言我们的消失，深海下满大雪殊为不易，我突然想到自己梦的含义：千万颗流星，虽然短暂，但却明亮。,0,,,0
"为<10Asia>拍摄画报的,动图戳大(cr.logo)",0,NAVERblog,#朴珍荣#,0
可以说是了解台湾的缺口，它带给我们多少对台湾的想象——到夜市里吃遍美食、体验民宿的生活、呼吸海边的空气聆听海浪的声音、在101观景台俯瞰台北。终究要停播了，而我却才要踏上台湾那片土地。,0,台湾，文艺不装逼,#背包笔记#,0
第七届无线音乐盛典，张杰演唱扩散啦~~~,0,视频,#张杰#,0
保罗沃克没死！！！！他还活着！！！那么出色的演员怎么会那么轻易死呢！！,1,,,1
网传采访姜文注意事项：1、所提的第一个问题很重要，要是抓住他的注意力了，随后会顺畅很多。2、如姜文开始反问，代表他不想回答这问题，可别回应他的反问，否则是个无底洞，直到他自己愿意停止。3、别拿别人评价他的话来问他，他会反感。4、多谈理想人生和艺术，少谈物质票房和电影看不看得懂的问题。,0,,,0
小李的推特，哈哈哈哈哈哈哈哈哈,1,,,0
今日网传的国安绯闻教练摩纳哥俱乐部正式宣布与主教练雅尔丁续约至2020年。,0,,,0
这个叫SimonBeck的大叔，是世界上第一个“雪艺家”，他经常在西伯利亚的雪和冰上作画，基本靠走。。。平均每幅作品要走5-10个小时才能完成。。（英国报姐）,0,,,0
脚伤照片出来了，不多说了，刘翔，英雄。质疑刘翔作秀的人，请闭嘴！！！！胆小的MM建议不要看图！,1,,,1
现在的新闻也太....丧尸了......居然还有细节描写！！！一把抱住，疯狂亲吻，压在床上.....这......这是耽美文吧.........这.........,1,,,1
大喜易失言，大怒易失礼，大惊易失态，大哀易失颜，大乐易失察，大惧易失节，大思易失爱，大醉易失德，大话易失信，大欲易失命。——人生十鉴。,0,,,0
好魔性的歌曲，12星座到底谁最骚浪贱！有中枪的没？,0,,,0
当我睡着睡着突然有人开灯时。。。。。(つω?),0,,,0
娱乐：不认识的人或许会觉得他是一个怪大叔，但认识他的人都知道，这是我们的好组长，杉田智和。第二张依次是森利道、杉田智和、小山刚志。,0,,,1
人类请降低你们的欲望吧！,1,,,1
令人惊讶的“球状闪电”——一种罕见的天气现象（闪光的球形等离子体）环球纪录频道的微博视频,1,,,1
国家体育总局召开全国青少年体育工作会议，国家体育总局副局长赵勇在会议上谈到了国足中国杯0-6惨败给威尔士的比赛。赵勇：输给威尔士的不是国家队，而是杂牌军。队员来自中超各大俱乐部，大家在联赛里你打我，我打你，怎么能指望他们团结？以后除了参加奥运比赛外，所有的中国之队都是国家集训队。,0,,,0
第52届结果揭晓。影帝花落未到场的冯小刚，影后由林嘉欣Karena爆冷夺得，侯孝贤继戛纳后再拿最佳导演。电影刺客聂隐娘获得最佳影片等五项大奖成最大赢家。获奖名单：,0,,#金马奖#,0
42.195km，人生首马！用一种特别的方式去感受大西安的美丽，仿佛穿梭于历史的长河中！不知道该怎么表达这其中的感受，也许只有参与其中才能体会到马拉松的真谛！通过终点的那一刻，心里默默的对自己说“任翔，你很牛逼了！”明年西马见！|西安·仁厚...,0,,#2017西安马拉松#,0
今天发布的心情：关于董洁潘粤明的~没想到被举报为不实信息了~~不管怎么样~~还是力挺董洁~~我们都很爱你~~你要好好的~~,1,,,0
Pink现场版，听一遍就喜欢上的一首歌！很好听！！,0,,,0
记者问马特?呆萌：你最喜欢剧本中的哪些笑话？呆萌说：有一句台词，“我要用科学干出一条生路”（I'mgoingtosciencetheshitoutofthis），这句真的让我笑出来了——你有更好的翻译吗？,0,,,0
2013上海国际足球邀请赛开战，上海申花坐镇虹口足球场0-1不敌大田市民。申花全替补出战投资人朱骏身披18号球衣首发出战并打满全场，下半场朱骏曾补射打入一球但被判越位无效。大田市民在第50分钟由韩德熙打入制胜一球。,0,2013上海国际足球邀请赛.回放#上海申花0:1大田市民#,#上海申花0:1大田市民#,0
2011年8月28日，梁晓声在一个公共场合用极平静的语气说：“如果10年以后中国还像今天这样，我只有两个选择，要么移民，要么自杀。”（当时现场：在场的记者一言不发，死一样的沉默……）,1,极平静背后的极不平静,,1
继房祖名和柯震东之后，昨晚，又一位IT大佬在北京开房吸毒被抓。今日，经媒体证实，这位大佬是搜狐CEO张朝阳。,1,#张朝阳吸毒被抓#,#张朝阳吸毒被抓#,1
雪梨死亡的公寓里发现了六具尸体……,1,,#崔雪莉确认死亡#,1
喵星人你这么萌，你自己知道吗？,0,,,0
拉病人到大衣哥家中，要求其捐钱治病。。。这绝对算是道德绑架了吧？有码哥的微博视频,1,,,1
2014年我国人均纸质图书阅读量仅4.56本，低于调查显示的韩国11本，法国20本，日本40本。如何读书？①利用零碎时间②需兼顾深度和广度③不宜拖沓④做读书笔记⑤读后别忘与人分享和交流，能对书的内容有更深理解。转给爱书的TA！,0,记下这些，让你更会读书,#全民阅读周#,0
想狠狠地爆粗口。。。申纪兰大妈开微博又吐神仙语啦！！！！！！！！！！！！！！杨长庚司令本V微动力杂谈五味袁裕来律师人权监察员中国微闻饮水居士观点联播V真相聚焦志士仁心经典传奇X摆古论今,1,,,1
主笔赵涵漠跟随柴静一路从广州，到深圳，再回北京。约6小时的采访后，柴静坦言，这是最近袒露内心最多的一次访谈。她谈到新闻与宣传，谈自己如何做主旋律报道，谈有人希望她成为新闻斗士而她却无志于此。回忆童年时，她哭了。此时此刻，她是记者柴静、女人柴静，不是女神柴静。,0,,,1
小李的推特，哈哈哈哈哈哈哈哈哈,1,,,0
昨天，著名表演艺术家姜文在长春的家中安然辞世，享年49岁。姜文由于死得突然，死因一直未明。下午3时其家属才发现他竟一睡不起，昨晚8时30分，120才初步鉴定姜文死因是由于心肌梗塞导致窒息，2北京·丰台科技园,1,,,1
一个法国服装设计师来到中国，发现一些建筑墙上有一些奇怪的符号。就问中国人这个符号是什么意思。中国人告诉他是表示吉祥的意思。后来，这个设计师把这个符号引入服装设计--称为服装设计里的中国元素。。。评：中国的悲催，世界的时尚。王朔有话说焦点联播思想汇聚人生杂谈五味,1,,,1
"有一个日本人,我们不能骂。这是他第一次被自己国人殴打，被日本右翼分子殴打，恐吓，说他不是日本人帮中国说话。当初天天向上直播上聊到了侵华战争。浩二没有说话，而是直接跪下来给观众道歉。这是节目组始料未及的。在某论坛道“就算被打，我也还是很爱中国。”浩二，中国就是你的家！",1,,,1
超级简单，好玩又有趣！转需~,0,教你分分钟把你的小伙伴做成一个表情包！[doge],#涨姿势#,0
哪怕恨到想杀了你最后还是想抱着你爱你痛就痛在这,0,,,1
整理出以下网友九个神回复，看完我表示跪了。。。,0,,,0
田馥甄，满满都是青春的记忆，转给大家~~by网络,0,快来感受一下爆发的少女心[太开心],,1
昨天，台湾资深作词人李坤城受邀，分享历年来的客家音乐收藏，不过发布会焦点依然是其爷孙恋。小他40岁的17岁小女友林靖恩静静依偎在旁。李坤城表示，2月15日两人恰好交往满周年，将提前在情人节庆祝，两人说“我们每天都是情人节啦。”,0,爷孙恋词人与小40岁女友顺利恋爱1周年,,0
1、小姐：从尊贵到低俗；2、美女：从惊艳到性别；3、老板：从稀有到遍地都是；4、鸡：从禽类到人类；5、同志：从亲切到敏感；6、公务员：从为首长服务者到特权拥有者；7、官员：从勤勤恳恳的公仆到高高在上的主人；8、房事：从个人隐私到大众痛苦。,0,几十年来语含义的变迁,,0
房祖名供出的120明星吸毒名单，让国内安全专家王利陷入忧虑。他说，按每个明星有10万粉丝算，120明星被抓，就将有1200万人感觉机会来到。为和偶像成为狱友，他们极可能做出各种犯罪事件，使国内安全局势失控。王利强调，保护好这120位明星实是维稳之本！,1,120个明星若被抓，或现全国大乱局面,,1
她，事业有成，受万千歌迷追捧，却不骄傲，不娇气，外则勤于公益，宏扬社会正能量，跑遍雪域高原，边关哨卡，老少边穷，给基层送上一首首脍炙人口的歌曲。内则相夫教子，料理家务，孝敬公婆，为中国女性之楷模。她端庄美丽，大气朴实，甫一亮相，便是对传统的回归，这就是现实版的中国梦。,0,钱江夜话,,0
短腿柯基简直萌瞎惹了。笑起来好阳光好暖心。,0,,,0
阿笨与阿占，每次看到它俩就想笑，真的好可爱！,0,,,0
今天，故宫淘宝放出一组图：请您欣赏我宫非典型雕塑文物…戳图↓莫名其妙的戳中笑点有木有！！故宫你赢了哈哈哈…！,0,有一群脑洞大开的设计师是种怎样的体验？,,0
世道真TM变了，一个刚出狱扬言“一辈子不打工”的小偷竟然被数家自媒体公司热捧，这样的风气究竟怎么回事？这样下去我们的三观会不会碎了一地？要流量要热度不要脸吗？葉靜子mag传媒老王北京·朝阳大悦城购物中心秦导遠观的微博视频,1,,#远观#,1
『星动态』“鹿眼，美手，低音炮”王凯kkw杀太大，麦麦决不能一个人舔屏！靖王妃们快来收新图！听说今天晚上的将上演情变重头戏，你家王爷晚上要被“瑶言”夫妇虐啦，肿么破？,0,,,0
中国男足为世界和平作出重大贡献！,1,,,0
好奇心旺盛的猫头鹰~好可爱啊！,0,,#动图#,0
做这个视频很大程度上是为了给自己一个交代，可能是一个开端，也可能是一个终点ps开头做的就能乱死我，然后后边也更乱了，算了，纪念一下第一次做视频秒拍视频.,0,,#歌手李健#,1
前几天，广西桂林街头，一名女子持刀砍人，一名女交通协管员差点被砍伤。随后又冲向一名交警。交警一脚将刀踢飞，随后将其制服！平安北京,0,女子街头持刀砍人被交警一脚踢飞[good],,1
一网友在杭州吴山夜市吃到这种脆皮玉米，上面加了芝士和甘梅，还有巧克力等十几种口味，外脆里嫩。据说热腾腾的简直好吃到哭，绝对是冬日里秒杀板栗的新晋小吃！,0,,,0
拐卖小孩折磨致残，被勒令外出讨钱，媒体曾有揭露。最近几天，广州、佛山多南方城市的网友拍到照片：一名男子让一头四条腿全被活活砍断的老骆驼跪在街头路边，也充当讨钱道具。——断腿骆驼显然已无法行走，这么巨大是怎样被运到街头的？骆驼是国家一级保护动物，警察难道不管不问？,1,可怜骆驼！,,1
“我想回家”被拐儿童在广东汕头派出所，口音像云南文山，帮朋友转发一下，爱心接力????深圳·深圳技师学院MJ杰6227456105的微博视频,1,,#正能量#,1
英国12月8日发布了一组北京被雾霾笼罩时和天色晴朗时的对比照片，反差巨大。（国际在线）,0,英媒发布北京雾霾晴天对比照:反差巨大,,0
八月六观音诞宜日行一善。提早出门。鼠勿粗心大意，牛利出门，忙碌，虎利签约，开会顺利，兔宜低调，多矛盾，龙宜把重要亊寫下来，蛇容易生气，馬容易破财，羊勿争论宜先耐心聆听，猴注意上司关糸，雞跑來跑去，琐碎事多，狗注意和伴侣不和，豬不宜張揭，慎言行。周一二上海，周三至周日广深州深圳香港,0,,,1
今天是熊猫盼盼35岁生日，相当于人类百岁以上。这么重要的时刻，怎能缺少生日蛋糕？玉米、黄豆、麦皮、枸杞、红枣、竹叶、米糊…戳视频，一起看“熊猫牌”蛋糕如何制作！,0,一分钟揭秘：熊猫盼盼舌尖上的蛋糕,#熊猫盼盼“百岁”生日#,0
-大虎牙没有小虎牙:转发微博卖狗肉违法了，举报电话12331请大家扩散出去啊宣传到每个田间地头犄角旮旯,1,,,1
你以为你是齐天大圣么，还会七十二变？没事，就算你再变，警察蜀黍还是照样会认出你来的近日，我市110报警中心接市民景某报警称，他的白色轿车在中岳区观山悦附近道路上被烧毁。接报后，民警迅速展开调查工作，经调查最终确认是一名女子，这名女子特别狡猾，每次出现的方式都不一样...展开全文c,0,,,0
中国的老百姓是在疫情面前40多天没出屋多么守法，看看这些假洋鬼子，悲哀，悲哀,1,,#女子回国后抗拒隔离大闹医院#,1
花费130亿，也不知道武汉的“公交船”啥时间来？,1,,,0
近日，新浪新闻沈阳晚报成都晚报等微博发布消息称“13岁未成年人杀害同窗”，引发网友关注。对于该案的相关情况，本院通报如下：,0,情况通报,,0
现在的新闻也太....丧尸了......居然还有细节描写！！！一把抱住，疯狂亲吻，压在床上.....这......这是耽美文吧.........这.........,1,,,1
重大喜讯；霸州市城区某村正在开发拆迁，一户沈姓居民与登门动员拆迁的人员发生争执进而动武，由于户主夫妻与儿子都学过武术，竟陆续打倒7名拆迁人员，造成一人轻伤，目前该案正由当地警方侦办。2013年7月17日下午，记者最新报道，女主人飞脚踢断了拆迁队长的下身。,1,,,1
日本樱花开放的3月15日到4月15日之间，赴日旅游的中国人约35万人，比去年翻一番，这些游客在日消费达70亿元人民币。不仅限于春节和赏花季，国人赴日游出现了持续高峰无淡季的全年化趋势。五一小长假，一些人气日本游线路已基本报满。详见：,0,过去30天35万中国人赴日赏花,,0
中央气象台今天6时发布霾黄色预警：今天8时到明天8时，北京中南部、天津西部、河北中南部、河南北部、山西中南部、山东西部、东北中部等地有中度霾，局地重度霾。23日起霾将自北向南逐渐减弱或消散。相关区域朋友注意防范，尽量减少室外活动。（央视）,0,[话筒]注意，霾又来了！,,0
还记得在地铁站拦女孩，装什么闹分手，夫妻吵架的可怕男青年们吗？现在案例出现新骗法了，一波三折红脸黑脸都有。在惊恐状态下人可能脑子会木，小心此时出现在你身边的每个人。PS.遇到类似事件要提高警惕哦，注意安全，遇到后第一时间拨打110。?喜欢请关注神秘巫术,1,成都玉林生活广场出新骗局,,1
江北夜间怎么玩？昨晚，作为江北购物节活动之一，江北区夜间经济地图在绿地缤纷城正式发布，夜购、夜品、夜游、夜练、夜赏五大夜间经济业态汇成一张完整的江北夜间经济地图，点亮了江北“夜”态的全新玩法。,0,江北发布夜间经济地图,#江北新闻#,0
网传安徽六安一女子，因为父母要彩礼28万，礼钱太多，男方不接受，导至女子跳井自杀，真是钱比命贵，命比纸薄，为了钱搭上女儿一条命。，作家刘小海的微博视频,1,,,1
三亚鲨鱼吃人了，大家小心网页链接,1,,,1
北京时间5月6日消息，将于本周五公布的美国4月份官方失业率数据可能大大低估了新冠病毒大流行对劳动力市场造成的破坏。　　芝加哥联储经济学家预计，4月份的“...网页链接,0,芝加哥联储经济学家：美国4月失业率预计高达34%,,0
。。。这信息量。。。。（转）,1,广州伪娘coser遭黑人强暴，路过维吾尔族商贩拔刀相助,,1
容易喜欢上一个人，也容易很快让感情熄灭。年轻时可以为爱情奋不顾身，现在却连付出真心都做不到了。,0,丧失了喜欢人的能力是怎样的体验？,,0
因为广西狗肉节的关系，现在他们分散在全国各地的狗贩正把偷盗和抢夺得来的狗狗送往广西，各地志愿者团结起来，让世界知道：我们没有自己的动物保护法，但我们有世界上人数最多的动物保护志愿者。。。veraduma_呼吁动保法出台中国小动物保护志愿者中国-小动物保护协会我在:2瑞金北路,1,,,1
8月2日9时许，受四川省部分地区持续降雨影响，铁路部门正在对成昆铁路汉源至关村坝站区段进行封锁巡查，途经相关区段的旅客列车将出现不同程度晚点，请您谅解！同时提醒旅客朋友们随时关注列车时刻变化，具体情况详见站车公告或拨打12306铁路客服中心电话咨询。,0,,#成铁微发布#,0
毕节五儿童垃圾箱避寒闷死案有新传闻，据微博网友称，垃圾箱只是第二现场，五名男童是被人割肾而死。鉴于事件传闻的冲击力与震惊度，我们请求毕节公安认真对待社会质疑提供有效证据制止谣言传播，并问爆料者公民李云龙现况如何！,1,求证,,1
大熊猫星晴超话大熊猫顺顺溜溜超话按此推算，星晴谱系号1203，顺顺谱系号1220？溜溜谱系号1221？图片来源倾辰之爱,0,,,0
今天起晚六点半至深夜二点高清探头全部启动，副驾不系安全带相同处罚，开车打电话罚50元，闯黄闪罚200，越线停车罚100，为期60天，全国交警集中查处酒驾，一经查获，一律拘役六个月，五年内不得考证。时间为中午12点至下午2点，晚上7点至9点，相互转告亲友避免被罚!,1,,,1
大家动手扩散出去～不管属实不属实！这血案别再有一次了！广西朋友注意?！最近出门不要去人多地方：如火车站，机场，广场，商场等～都是人多聚集地最危险！Ｍｉｋｉ只能这样提醒大家了！,1,,,1
网传一女子失恋，在公交车上边涂指甲油边撕心裂肺的怒吼：为了你，帅哥美女我都敢打！你好好活着，我们来世再见！不要忘掉我，把我藏在你美好的记忆里…微博视频.,0,,,1
评论看得真的心好累，还是学生的我怀着对动物医学强烈的兴趣和热爱，怀着治病救命将下半生投入动医及动保事业的赤子之心，然后要面对的不是疑难杂症，而是人心不能换人心的恶心局面。对动物的偏见这么大，不去想着理性解决，只知道向无辜生命发难，有些人啊，性本恶。,0,,,0
河南焦作，一女孩被陌生男子搂抱，17岁同行男生小王出手解困，与对方发生冲突。男子鼻子被打骨折，小王因涉嫌故意伤害被批捕，已被羁押近1个月。律师表示，小王应属正当防卫。当地检...全文,0,#17岁男生反击猥亵少女者被捕#：猥亵者鼻子骨折，男生已被羁押近1个月,#17岁男生反击猥亵少女者被捕#,0
父母真的是最爱孩子的人，没有之一，我很感恩我的父母，要不是他们我估计都不能好好生活,0,,#爸爸说女儿不是植物人是睡美人#,1
武汉方女士和丈夫请了一位保姆，自此以后，2岁女儿就开始莫名奇妙地受伤。保姆称孩子受伤与她无关。方女士买了个监视器放家中，视频显示：保姆戴某多次对孩子脚踢、敲头、扇脸。此前孩子经常双眼红肿、头部肿起包。|保姆虐童！...,0,2岁女儿经常受伤，妈妈装监控后，拍到保姆脚踢、扇耳光,,0
（转）图为一女大学生求职无门而对社会绝望了，赤裸身体爬上高压线自杀身亡。,1,,,1
2017年10月19日16时41分，子长县公安局接到报警称：瓦窑堡镇瓷窑村出租屋内一小孩遗失。接警后，子长县公安局高度重视，迅速抽调刑侦大队、派出所30多名民警赶赴现场，展开调查和搜寻。当晚22时许，民警在饶某欣居住的院内厕所（旱厕）内发现遗失小孩饶某欣，已无生命特征,0,母亲趁孩子睡着去串门孩子不幸掉入旱厕溺亡,#延安城事#,0
网友湘湘：九十岁的老人，生病躺在床上，饿了将近一个月，每天只喝一点水，我偷偷的拉门进去，老人被层层锁在房间里，听到动静，老人出于求生本能，说到，喂我…喂我…！强烈要求曝光人肉其禽兽儿女。袁裕来律师陈里米瑞蓉任志强,1,震怒！禽兽儿女欲饿死90岁老母，残忍禁食1个月,,1
昨天，山东泰山医学院附属医院骨科副主任蔡国栋有4台手术，做完第3台感到胸口不适，心电监护提示左室主干阻塞，大面积心肌梗死、室颤。抢救两个小时后，他还是走了，仅42岁，走的时候铅衣都没来得及脱……转发，送送蔡医生！齐鲁晚报-今日泰山,0,转发送别！3台手术后突发心梗，42岁医生倒在手术台,,0
请大家帮忙转发一下2012-12-03昨日福建省泉州市警察局抓到几个拐卖小孩犯罪团伙，现场获救了一名5岁的小孩。因他还小，说不清楚自己家的详细地址和家里的电话。　只知道他是云南昭通市人。如果你认识他麻烦你转告他家人到福建省泉州市公安局来接他。如果你不认识的朋友麻烦你动动手指头。,1,,,1
南京法官判决李芊违法还要赔钱？南京中院维持原判？理由：李芊违反执业行医规定。请问南京法官：李芊“执业行医”时，明码标价否？病家同意否？收预付款否？这是“执业行医”的标准条件。李芊没有收预付款，那她是在“践行社会主义核心价值观”！秘中国式悲哀！南京法官又要红了O网页链接,1,,,1
全球最浪漫的事，来感受一下！简直美呆了,0,,,0
天朝地方的警车居然是这个，这几百万一辆的警车能盖多少座学校，够交多少个孩子的学费了啊。袁裕来律师大鹏看天下何兵,1,,,1
发生在我们小区的真事情，E3栋发生的，我住E5栋现在还没有找到孩子，看样子是有预谋的抢孩子，妈妈和孩子都很可怜。希望大家提高警惕??希望孩子没事????武汉·大地数字影院--武汉湘隆时代广场MoMi-cici的微博视频,1,,,1
2016年6月10日，山东济南，傍晚7时许，济南七十二名泉之一的黑虎泉景区出现三个虎头视觉停喷现象，数百市民扎堆争打虎头吐出的“最后一滴水”。（图：东方IC）,0,"黑虎泉现停喷现象市民扎堆打""最后一滴水""",,0
陕西省咸阳市三原县南关村2019.5.27发生一件持刀杀人事件亲孙女用砖块拍向自己的亲爷后，持刀杀爷未遂后又转向砍向自己的五妈三刀！其行为令人发指，希望大家帮忙转发一下！让更多的人看到让事件尽快得到处理谢谢大家了。网页链接,1,,,1
据说这是广东经典名菜：三叫。刚出生的老鼠仔，直接生吃！当筷子夹起来的时候老鼠仔会叫一声；沾酒的时候会再叫一声；送进嘴里的时候会再惨叫一声！！想不想试试？（绝对重口味，大图慎点）,1,,,1
网友消息延安：遭人肉相册被破解流出,1,,#女城管#,1
深圳市罗湖区笋岗玩具市场发生砍人事件！O网页链接,1,,,1
北京PM2.5已爆表，其他地区的小伙伴们你们还好吗？,0,,,0
地三鲜，最最最普通的家常食材，但做出来的味道绝对不比肉菜差，而且超级下饭！（转自网络）转给TA，做起来~！,0,在家自制美味的地三鲜[馋嘴],#生活经#,1
好心人帮忙转发下！昨日福建省泉州市警察局抓到几个拐卖小孩犯罪团伙，现场获救了一名5岁的小孩。因他还小，说不清楚自己家的详细地址和家里的电话。只知道他是云南昭通市人！你用几秒钟时间帮忙转发下。也许你简简单单的转发，就能帮他们一家团圆！薛蛮子李开复舒淇,1,,,1
河南省镇平县公安局交警大队民警执勤时，发现一辆小型客车侧停在马路上，车上一男子满身酒气昏睡在副驾驶位置上。民警遂将该男子叫醒，并将其带上警车，同时调取附近监控视频。一上警车，男子就撒起了酒疯，一会拒不配合民警检查，一会和民警称兄道弟，...全文,0,男子醉驾面对交警的检查丑态百出,#一线微观#,0
你很可能不知道加油员的这个小动作了，有车的朋友要注意了啊！！！（by谈笑古今-）袁裕来律师左小祖咒老徐时评徐昕,1,,,1
辽宁省沈阳市一处科普公园改成儿童足球公园，场地内加入四块人造草球场。同时，2002年打进世界杯的国足阵容铜像也矗立在公园内，包括李铁，吴承瑛，李霄鹏等，部分雕塑破损严重。,0,沈阳科普公园变儿童足球公园立国足铜像,#万象#,0
中国妇联发起的“调查报告”指出，我国平均26岁结婚，90%的女性在30岁前结婚。你被催婚了吗？其实，幸福婚姻并不在何时结婚，调查显示，忠诚、体贴才是幸福的基石，仅剩6周，2015就结束了，新一年，祝大家找到幸福！为爱转发！(央视记者谭臻),0,最新消息：我国平均26岁结婚现在90后已算晚婚！,,0
上海已开通全国首个卖猫狗肉的举报电话！只要拨打食品药品安全投诉热线12331就可举报，而且政府奖励￥500！！！已经有网友举报成功并拿到了奖金！这可谓是新年最好的消息之一了，爱猫狗的亲们赶紧转起来吧！！！,1,保护小动物们的好消息来了！,,1
在郑州飞往海南的航班上，一位河南老人因患有脑梗无法握勺进食，空姐樊雪松跪在老人身边喂他吃饭。老人被这突如其来的关怀触动，由于说不清话，老人泣不成声，这一幕被飞机乘客拍下传上网络。,0,老人飞机上无法进食空姐喂饭,,0
看到这种，其实我心里贼难受，希望睡美人小公主早日醒来。,0,,#爸爸说女儿不是植物人是睡美人#,0
北京地铁2号线有人卧轨！,1,,,0
①10-20-30原则：PPT不超10张，演讲不超20分钟，字体大于30号②有趣些③放慢速度④眼神交流⑤15个词总结想法⑥20-20原则：20张幻灯片，每张讲20秒⑦不要读幻灯片⑧可加入小故事⑨从听众角度出发。答辩、考试、工作总结、升职都用得上！转！,0,[推荐]PPT演讲9大实用技巧,#就业有位来#,0
在被问到“第一顿转基因三文鱼，你准备怎么吃”时，艾莉森表示：绝对是抹上照烧酱烤！嘛，本AI觉得还是刺身好吃，蘸酱油，wasabi,0,,,0
给你们配个图，找找是沈阳哪里，沈阳,1,,#沈阳巨响#,1
一位网友在北京租了一间带厨房﹑带卫生间的房子，一个月只要1000块。,1,,,1
天下之大无奇不有，新西兰11岁父亲最近火了，据说这个11岁的小男孩是去同学家玩，被同学的母亲邀请喝啤酒，之后跟同学的母亲发生了性关系。而且这个11岁的男孩还跟这位36岁的母亲维持了几个月的性关系，最后在12岁生日后，女人给他生下了一个孩子。（转）?女人实用类内容女人实用百科,1,,,1
非机动车占用机动车道、机动车占用应急车道…步行、骑车、开车，你很可能遇到过“占道”或被“占道”情况。被“占道”您咋办？在什么情况下您又会成为“占道者”？怎样才能让大家都“各走各的道”？写下评论，你的观点可能登上央视！,0,开车、步行你被“占道”过吗？参与评论上电视！,#安全文明出行#,0
近日，浙江宁波市慈善总会收到85万元汇款，这样的汇款自1999年起每年如期而至，数额几万到几十万不等。汇款都来自一个化名“顺其自然”的好人，至今17次匿名捐款已达768万！该慈善总会将用这85万帮明年的困难大学新生。为不图回报的好人点（央视记者刘浪）,0,“顺其自然”，如期而至[心],#微感动#,0
今天上午在居庸关长城，昨日的大雪已将群山覆盖，雪后的山里一片寂静，长城化为一条“银蛇”。当列车通过时，市民纷纷按下快门留下美景。京华时报记者潘之望,0,居庸关，雪国列车[羞嗒嗒],#北京连续降雪4天#,0
"①贵州雷山，司机边开车边哄孩子，车辆失控，致2岁儿童死亡、两人受伤；②江苏客车司机途中7分钟看39次手机，撞死骑车老人；③广西来宾，司机因开车走神，将电动车撞翻致驾驶员重伤。交管部门：开车避免打电话、玩手机、瞌睡、走神、吃东西等行为，莫把心分给""死神""！",0,分心驾驶的后果,#安全文明出行#,0
11日晚，广西龙州一女祼体压马路。据网友称，是因为嗨大了，和朋友打赌，说敢脱光了绕城一圈，就送她一部苹果6。,1,一女子脱光绕城跑，只为一部iphone6,,1
我无法理解一些女人在夜店整晚被N个搂抱亲吻还觉得特光荣，一有局就各种求偶遇。看到开跑车的人和稍微有点人样恨不得马上扒光自己。姑娘，这不叫交际花，这叫交妓花，叫不知耻！没局的时候就在家扯着胸罩露大半边乳房出来发微薄喊寂寞。这不叫性感，这叫阴部瘙痒！女人，最忌讳的就是把自己做烂！,0,,,1
此女这么浪，艹起来一定很爽啊！,1,,#延安城管#,1
为什么会有柳树这种反人类的植物昨天体测吃了一嘴柳絮今天鼻炎就犯了,0,,,0
1月16日，网络上传出一段河南郑州十余人暴打警察的骇人视频。视频中，一伙不明身份者共计十余人一拥而上将警察拖进小树林殴打，持续30秒左右。据了解，目前中国法律没有袭警罪，袭击警察行为多以“妨害公务罪”论。O十余人暴打警察组图曝光中国没竟无袭警罪南方网,1,十余人暴打警察组图曝光中国目前无袭警罪,,1
12月8日，在郑州飞往海南的航班上，一位河南新乡老人因患有脑梗无法握勺进食，空姐樊雪松跪在老人身边喂他吃饭，老人因感动而泣不成声。网友：若不是心中有大爱，定不会有此景此情。真正的服务不是靠培训和要求，是发自内心的感情。,0,空姐跪地喂老人吃饭老人感动落泪[心],,0
开发区锦江之星核酸检测真的是非常厉害啊，排队先来的，然后有一队不知道是哪的人，直接插队进去检测。有关部门请回复。大连防疫大连发布大连晚报,0,,,0
帮忙转一下:找一名职中的学生，叫杨叶，16岁，请速回清水河县医院，妈妈伤的很严重，想最后见她一面，爸爸号:15595467575爱心接力，好人有好报！QTV青岛全接触胶东县令青岛交通广播FM897疏狂一崔佛教微博,1,,,1
山青水秀新闻破解:【民警查车震致阳痿被索赔百万10月23日晚，临沂沂州路民警巡视时，发现一辆黑轿车不停摇动打开车门检查，见一对男女一丝不挂。系临沂206国道沂河大桥收费处主任班树栋，和其女下属郑来花。之后主任发现自己现阳痿，按每次性交200元5000次计，向警方索赔100万元。,1,,,1
湖北的朋友们，有个被拐儿童在广东汕头派出所，口音像湖北的，转发一下希望早点找到他爸妈！爱心接力??????看到这种消息，非常痛恨人贩子，非常心疼孩子，愿他们一家早日团聚????童颜永在--心理医生的微博视频,1,,,1
饶原生:接客太多，得返一碟斋。,1,,,1
今天调查发现，也是同样这家酒店，还有比您更惨的，交了钱折腾了一夜问题都没有解决，在高铁站挨到天亮。当地工商所已经介入了。于建嵘『大V于建嵘来长沙摊上蹊跷的“飞猪”订单，距离高铁站36米的酒店为何变为3公里？』|大V于建...,0,,,0
分享了一篇文章：O分享了一篇文章：，...,1,,,1
辽宁桓仁虎谷峽玻璃栈道，被一群大妈跳广场舞跳断了，她们的尽情发洩，是因为太富裕了，不知道怎样才能证明自己还年轻，还快活着！老k地产艺术品鉴藏的微博视频,1,,,1
近日，马航旧广告在推特上被转疯了，其广告语是:“无论你去哪儿，都没有人会知道。”,1,马来西亚航空旧广告,,1
警方以张正强涉嫌破坏企业生产经营罪刑拘。记者拿出了重庆市规划局监察执法总队的回复函，认定加油站没许可手续；相关部门出具建加油站属违法行为书面认定；警方却认为，张正强指使家人阻挠、封路行为，导致车辆不能正常加油，给企业造成很大损失...,0,市民举报中石化违法建遭刑拘,,0
"68岁的孙桂枝作为继母把3个子女含辛茹苦养大。现在她行动不便,老伴有病卧床,却被继子多次赶出家门,只好回到娘家与90岁母亲蜗居在破房内。提到孙桂枝20多年的养育情,继子冷漠地说:""我又没让她养,是她自愿的,反正我不会养活她""大河报",0,68岁老人被继子撵出家继子称:我又没让他养是她自愿的[怒],,1
只有这样的婚礼才让我羡慕。。。说出了多少人的心声,0,,,1
据央视新闻：他们，是被拐卖的孩子。被解救时，才1岁，可能记不得亲人样子。有的孩子被解救10多年，仍未找到亲人......他们，本该在父母怀中撒娇的年纪，却被拐卖。此刻，转发微博，帮帮孩子！你的随手转发，或许就能帮他们回家！,0,扩散！你愿帮27个孩子回到亲人身边吗？1岁就被拐卖[泪],#守护宝贝#,1
方才截了张图，共赏共赏宋海涛-汽车与你估计是临时工了,1,,,1
近日，昆明的廖先生骑电动车经过一路口时，被洒水车喷了一身。廖先生一时恼怒大声呵斥让对方注意一些，不料洒水车驾驶员将车停了下来，拿着一把锤子跳下车追上了廖先生一顿骂。路人立即上前劝架，将两人拉了开来。洒水车所属社区负责人表示，他们会找到...全文,0,被洒水车喷一身！路人大声呵斥遭对方抡锤威胁,,0
据中央气象台，23日夜间起，受冷空气和降水影响，中东部雾霾天气逐渐减弱消散，未来一周全国大部地区大气污染扩散条件较好，无大范围持续性雾霾天气。,0,,#温馨提示#,0
帮转发：果果刚刚在苏州万达广场附近走丢麻烦大家帮我发下谢谢联系电话15506291683跪谢！苏州的朋友帮忙转发帮找一找！看到的朋友希望都伸出援助之手，我替这位母亲谢谢大家了！O网页链接,1,,,1
酒后驾驶玛莎拉蒂的女司机，据说有了间歇性的神经病。这个事儿，告诉我们2个事实，1，玛莎拉蒂比宝马好，2，开豪车出重大事故的司机，都疑似精神病。问题来了，大盘我也疑似有间歇性的精神病，怎么治呢？,1,,,1
这是一位94岁的老奶奶，老伴死了，两个儿子在外打工，每天捡垃圾捡到凌晨两点，不足五点又要去捡，每天只赚5、6块，生病了也不去医院。每转一次腾讯公益就会给她一毛钱，不勉强，有良心的人自然会转。帮帮这位可怜的老人吧，若觉得脏了你的微博可以不转！,1,,,1
原来大黄鸭子是国人弄死的，火了：香港方面称，充气大黄鸭在港不幸爆掉，乃大陆沈阳某旅行团的胡某扔烟头所致。此旅行团13日晚搭乘豪华客轮「莫利亚第」号经过大黄鸭旁，胡某向其投掷了30个点燃的烟头并向周围游客表示“不信弄不死你”，昨晚大黄鸭倒下后经导游指认港警已将其收监,1,,,1
请大家协助缉拿通缉犯！快转！,1,,,1
香港警方宣布，全球最大充气大黄鸭遭到大陆沈阳旅行团胡某投掷30多个烟头后爆炸漏气。胡某一边投掷烟头并向边上的游客声称“不信弄不死你”。大黄鸭倒下后经过导游指认胡某被警方收监。,1,,,1
暴力学生团找到他们抓起来广州公安全国打黑办央视新闻最高人民法院最高人民检察院还男孩公道秒拍视频.,0,,#人肉搜索#,1
双阳北疆欣园13947904333帮忙！求扩散，今天上午一个三岁多小女孩在北疆欣园超市附近被人拐走，监控上看是被一个40多岁的男人抱走，有知情者联系郑春蓉13947904333.长春的帮忙转发吧，但愿能抓住这个坏人！！！！,1,,,1
这人啊，一旦有了名气..,1,,,1
看哭了，蹲一个捐款方式吧，虽然我不是什么有钱人，也不生活在成都没办法去买他的东西，但是我也想尽一份力量。,0,,#爸爸说女儿不是植物人是睡美人#,0
10月27日早上6点多，苏州湾大桥下石柱处，一名男子落水被困桥底5小时，紧抱石柱等待救援。救援人员赶到，发现湖边有一条渔船。80岁的老人李桂英当时正在摆摊卖大闸蟹，而她也正是渔船的主人，她主动提出摇着小船去救人。最终，该男子在救援队和李奶...全文,0,男子落水被困桥底80岁老婆婆主动请缨：我来救！,,0
天啦噜，电饭煲竟然能做出这么多美味！,0,,,1
醉驾入刑4年来，公安机关共查处酒驾150多万起；道路交通伤害是15岁至29岁年轻人最主要的死亡原因……央视评论员集体承诺：酒后不开车、不开斗气车、不占应急车道、不超速……安全文明出行与所有人都有关，你愿意和我们一起转发承诺吗？,0,#安全文明出行#和央视评论员一起承诺！,#安全文明出行#,0
5日，记者从内蒙古自治区鄂尔多斯市公安局东胜区公安分局获悉，该局经过一年多的缜密侦查，民警辗转多省区，行程近万公里，破获了一起公安部督办的特大跨省家族团伙贩卖毒品案。该案件中多对夫妻合伙贩毒。目前，相关涉案犯罪嫌疑人已被移送起诉。...全文,0,多对夫妻合伙#内蒙古警方破获跨省家族团伙贩毒案#,#内蒙古警方破获跨省家族团伙贩毒案#,0
不知道还以为是春运的火车站，广州沙河，新疆人又出来惹事了，特警出来了，救护车也出来了…听说有人被砍了…发这说说，隐约听到广播在说着什么…求证实发生什么事情！原帖：O网页链接,1,广州沙河，新疆人又出来惹事了，特警出来了,#网友爆料#,1
①清明拼假：4月2日-10日休息，4月5日-8日年假；②五一拼假：4月30日-5月8日休息，5月3日-6日年假；③端午拼假：6月4日-12日休息，6月6日-8日及12日年假；④中秋拼假：9月10日-18日休息，9月12日-14日及18日年假。转！,0,2016拼假攻略：请4天年假可连休9天！4种方案！,#2016放假安排公布#,0
李芊是中国最美医生，她在列车上帮孕妇生产，法官说是违法的，那在火车上广播找人是不是违法呢，那外地警察在火车上协助干警抓坏人是不是违法呢，那雷锋做了许多好事是不是不应该呢2233乡道,1,,,1
"银行柜台小姐因取钱太少瞧不起老太太：广东老太柜台取500元遭拒,那就取2亿吧我分析之：看一个人，不能只看外表，不要以为穿着打扮平凡的人，人一定就是平凡的。其实，很多不平凡的人，表面都是身藏不的露的凡人。同学们，社交圈，你做到一视同仁，就ok了。O网页链接",1,,,1
今天听同事讲了个骇人的新闻，她一朋友前几天在深圳某一家乐福购物时突然发现两岁的儿子突然不见了，情急之下报了警。半个小时内家乐福封闭了所有出口进行搜查，终究在一洗手间内找到该小孩，而在短短的三十分钟里小孩已被剃光了头，换上了另外一套衣服，而猖狂的柺子佬已不知去向。。。,1,,,1
你想正义得到伸张？那去看电视就好了。电视里什么特么都有，比如人民的正义哈哈哈哈哈哈,0,,#17岁男生反击猥亵少女者被批捕#,0
得知消息！两英鳄鱼屠杀场已跑出几千条鳄鱼！请大家务必小心！不要出去游水！尽量往高的地方爬！求转发！求扩散！！确真消息！！,1,,,1
姐姐跟老爸讨论着要把弟弟卖到宠物医院，一本正经的讨论，说的好有道理，绝对亲姐姐啊！,0,,,0
"11月27日凌晨1时28分,一男子开车发现前面有交警在检查酒驾，他于是将车停在路边，下走准备离开。就在这时，民警发现了他的异常举动。四川电视台新闻现场的微博视频",0,执迷不悟！男子一年两次醉驾被逮警方：依法刑拘,,1
如今的社会很乱，在酒吧喝多被迷奸，抛尸！这就是为什么我不让自己女朋友或朋友喝多的原因！社会险恶珍惜自己，不要认为好像什么都在自己掌控中，也不要认为自己混迹夜场什么都懂，其实当你真的遇到了，你就是哭都没地方了，自律才能自我保全，切勿放纵，希望广大朋友一定听进去！（尤其女孩）,1,,,1
：如果晚上驾驶汽车经过漆黑路段时，受到鸡蛋攻击，千万不要启动喷水功能和开动雨刷。因为鸡蛋参水后将呈现白色，阻挡视线高达92.5％，你将被迫停在路边而成为劫匪的囊中物，这是歹徒最新技俩，应迅速驰离危险区域再做处理。转给自己身边的朋友亲人,1,司机朋友请注意！！！,,1
昔阳县政府要求黄亦弟的宏达公司必须挂靠王国瑞的华通路桥，然王国瑞因山西反腐被带走，黄怕风险不愿意挂靠，于是警方带着保安进入宏达作业现场砸车，并将其员工带走。员工称警方关押后刑讯逼供,0,删前必看！山西“关建军黑社会大案”举报人被批捕疑遭“黑打”,,0
这次摄像头没失灵，向报道此事的深圳电视媒体致礼！不得不承认敢于报道，深圳再一次走在了全国的前面，请看：城管取缔老太摊位，一位收废报纸的老人向城管去索要自己的秤，被城管的汽车从身上活活碾压过去。,1,深圳：城管取缔老太摊位，却用碾压老太致死,,1
"6月底，小凡圣被确诊为急性白血病。爷爷在本身患糖尿病的情况下，又得了抑郁症。为了省钱，爷爷不肯再为自己治疗，说自己的钱都要留给孙子。""爷爷走在你前头了啊，你好好治病""。这是爷爷生前最后一次来医院看孙子所说的话。8月23日，爷爷上吊自杀。",0,心酸！患病爷爷自杀省钱救治6岁白血病孙子[悲伤],,1
求助!!我现在车牌号为蒙G62868的白色长途大巴上，车上将近一百人，上车时所有人被司机一伙人打劫现金！大巴发苏州到西安，苏州警察不管让我找路政！我不知一会会发生什么！求大家关注转发并警察！！我在:,1,,,1
以前我总是无视这类信息，觉得根本帮不上什么忙。但是在看了，我决定不再做一个冷漠者，勿以善小而不为，请为那些失去孩子的家庭争取一些哪怕渺茫的希望！6岁小朋友，刘浩华，去年10月份张家界走失，祈祷早日能回到爸妈身边,1,,#寻人启事#,1
又到年末了，年终总结、各类报告、学期论文......这些“年终惯例”，被你列上日程了吗？写文案不怕，但文案那么长，不会排版怎么办？别急！9图↓↓教你成为排版达人！转给正在和即将为“文案”苦苦奋战的小伙伴们！看图操作，转发收藏！via人民日报,0,实用贴！9图，一次解决排版问题[推荐],,0
余嘎嘎Ai烘焙朋友在大润发捡到一个钱包，里面有卡数张，现金4000左右，动车票一张，名字叫刘学伟，车票是后天的，失主请联系:13895686886，大家帮忙扩散。赠人玫瑰，手留余香,1,,#名城衢州微帮忙#,1
网友赖小特特：今天终于亲眼见到了城管暴力执法，真是往死里打啊！一群年轻力壮的城管围殴一个板车小贩，而且下死手。图中人已经被按在车上了，后脑、脊柱等致命部位暴露无遗。如果不是群众上来解围恐怕非死即残。山东那哥们必然也是这么被打残废的。谁给你们权力这么对待老百姓的！在西直门桥北路西,1,,,1
eoslipbalmistheperfectbaseunderaredlip.eos润唇膏是红唇的完美打底。,0,,,0
①外交部回应“4名加拿大公民在中国被判死刑”：司法机关严格依法独立办案。②：18人获处分。③民警执勤晕倒路过群众守护救援。④我维和医疗分队9名医护前往贝鲁特。⑤男子嫖娼谎称洗澡遭浴场老板打脸。（中央政法委长安剑）,0,超300万“吃鸡”账号被盗！警方：买通网吧网管种木马,#法治新闻速览#,0
今天2013年5月17日早上区伯路过豪贤路肉菜市场门口，看到一辆警车前后号牌都用“武警特勤”牌子遮盖住。警车也遮挡车牌？于是区伯上前质问司机，再细看，原来是一辆公车假冒“武警特勤”车。司机是中国银行领导张振龙，被遮盖的原车牌粤A06888，于是区伯马上报警，广东电视台也到场采访。,1,,,1
年底了，是治安最差的时间！最近又有新骗术出现，而且手段恶劣！大家记住以外希望也多转发，也许你的一条转发就可以救你一个好朋友的财产和性命的安全,1,,,1
8月17日上午，银川市康平路路段上一位老人站在路中间，一位与老人对向过马路的女孩看到了老人的困境，此时行经此处的车辆主动停了下来，女孩搀扶着老人走过了斑马线，为我大银川的最美女孩点赞为停车礼让的驾驶员点赞马江银川交警平安银川宁夏日报鸿胜伴你行...,0,,"#礼让斑马线,做有礼银川人#",0
骗子短信告知航班取消→乘客联系“400”假客服→骗子索要网银卡号密码→乘客卡上的钱被转移…提醒：航空公司不会直接给旅客发“航班取消”短信。收到此类短信，应联系购票处核实，或直接致电官方客服获取准确航班信息！警惕！央视新闻评论,0,扩散：极端天气来袭“航班取消”短信骗局也来了！,,1
请大家转发，提醒国人。。。。。。。两名带头打砸抢的罪犯都是日本留学生。。。,1,,,1
2002年，顺德男子谢某杀人后潜逃，逃亡间，因担惊受怕，他终日靠吃槟榔消愁，不久竟意外发现自己嘴变小了，遂凭此躲过警方侦查。据悉，口腔黏膜会和槟榔中所含的生物碱发生反应致变硬，吃得越多张口度便会越来越小。公共频道,0,广东一逃犯吃槟榔吃成樱桃小嘴逃亡13年方被抓,,0
温州老娘客微信约架后续！！！温州草根新闻网页链接,1,,#温州老娘客微信约架#,1
在外漂泊得学习:以后想杀人可记着先加入邪教//端雅:我胆小，我怕。//佩要继续加油://依ran奕:转发微博,1,,,1
东京都武藏野市吉祥寺南町1丁目的兔子咖啡店。请问您今天要来点兔子吗？,0,,,1
明明窗外还是艳阳高照，为什么在室内冷到不行呢小编刚刚收到天气推送，称：南宁未来三天将降温至4℃以下，而且还可能出现霜冻！这是真的假的啊···如果是真的，那暖宝宝就要赶紧备好了！南宁气象气象菌，南宁这几天真的会这么冷吗？,0,惊！南宁未来三天将降温至4℃以下还可能出现霜冻,#南宁身边事#,0
航拍照片也有了，看得更清楚了吧。,0,,,1
昨天，昌平交通支队沙河大队民警查处了一辆违法进入公交专用车道行驶的无牌“奔驰迈巴赫S680”，该车驾驶员被合并处罚400元，驾驶证记12分，车辆暂扣。戳图↓看看怎么回事吧！|无牌车驶入...,0,司机：我这可是300多万的车，你们也敢扣？交警：对呀,,0
如收到371、372或375字頭電話號碼不要聽或回覆，因會收取你120~320元费用，另外他們可三秒內盗取你電話内資料，他們是外國的集團，專盗取人的電話，银行資料。請轉給其他朋友！,1,紧急通知,#家和提醒#,0
8月10日，陕西汉中，网友爆料一老人自残式碰瓷！老太太用头猛撞轿车保险杠，经协调，车主给老人赔偿了3000元。网友：这是敲诈勒索。燃新闻的秒拍视频,1,,,1
我没话讲，大概只有一句话，感谢华政学子小王,1,,#游客将可携自用食品进入上海迪士尼#,0
11月17日，一则的消息在网上热传，称孕妇下班后在面包房买东西，被一女子抱摔在地，随后该女子及同伴扬长而去。网传监控视频显示，一位孕妇与一位黄衣女子在面包房门口发生碰撞，黄衣女子将孕妇推搡到门...展开全文c,0,女子抱摔孕妇后扬长而去：撞你怎么了，我还打你呢！,,0
据央视：①元旦1月1日放假②春节：2月7日(除夕)-13日放假，2月6日、14日上班③清明：4月4日，连休3天④劳动节：5月1日，连休3天⑤端午：6月9日-11日放假，12日上班⑥中秋：9月15日-17日放假，18日上班⑦国庆节：10月1日-7日放假，10月8日、10月9日上班。,0,2016放假安排公布了！[推荐],,0
目前，进京出京这些高速已封闭，大家出行注意,1,,#世纪明德#,1
因为小贩收摊慢了点，城管把小动物活活摔死，有小狗、小兔子、小乌龟和宠物鼠。小兔子被踩扁了，小狗的嘴里被踩除了鲜血，好多动物都摔成一团！！就算你要管理，但是也请你们珍惜生命。转,1,城管为了赶走路边卖小动物的小贩，把小贩的小动物全部活活踩死,,1
如今的人贩子越来越猖獗了，竟敢一路开车一路偷盗小孩，还随车携带匕首等作案凶器，幸好警察当场抓获了这伙全副武装的人贩子......善意提醒：如今的人贩子真的无孔不入，希望家长们务必看好自己的孩子！西子丹聊斋的微博视频,1,震怒：这伙人贩子太猖獗了,#这伙人贩子太猖獗了#,1
郁紫瑶，3岁，1.05米左右，于12月8日晚19-20时许，在浙江乐清市翁垟街道翁盐村警务室附近被一女子带走。孩子失踪时穿红色黑点羽绒服，黑色抓绒裤子，黑鞋。家人四寻无果，有线索请联系翁垟派出所0577-62811754。多次转发，多点希望！宝贝回家-中原,0,[话筒]紧急寻人！浙江3岁女孩疑似被拐,,1
"常有人说“女人的黄金年龄很短，只有22—26岁，男人就不一样，到了30,40岁照样不着急”。其实男人的黄金年龄更短，只有16—18岁，在这段时期的他们，长得帅会有人喜欢，打球厉害会有人喜欢，学习好会有人喜欢，玩乐器会有人喜欢，但到了30岁以后只要他没钱，就很少有人喜欢了！",0,,,0
我想说：在深圳，我太难了。,1,,,0
雨雪道路上多数人会减速慢行，可车速多少才算安全？近日韩国交通部门实验发现，以80km/h入弯车辆偏离车道不受控制；40km/h入弯后轮还是打滑，但能较好控制车辆。因此，在拐弯路面湿滑的情况下，记得把时速控制在40公里以下，扩散提醒！,0,雨雪天行车入弯车速多少才安全,,0
主人突发疾病身亡把器官捐赠给了别人，狗狗却一眼就认出来。泪奔了……,0,,,0
今天，李三仁尚爱云夫妇赶到距离呼和浩特市30公里外的呼格吉勒图新墓地，主持并参加儿子呼格吉勒图的迁坟祭奠仪式。祭奠过程中，尚爱云多次因过度伤心抱着呼格吉勒图的新墓碑哭倒在地，李三仁则在儿子墓碑前久久低头不语，一次次抹去眼角的泪水。法制晚报,0,父母赴呼格新坟祭奠母亲悲痛哭倒在地,,0
狼爸家教之“请给水马一个道歉！”虎门大桥摇，水马罪难逃？专家真果断，又一次传谣。,1,,,1
9日，记者从林森浩家人获悉，林森浩的死刑复核已出结果，最高法已下发核准林森浩死刑的裁定书。林父说，8日他接到上海法院的通知，并告诉他在11日之前须赶到上海见林森浩，否则“后果自负”。林父还称，这个案子还有很多疑点没有说清。华西都市报,0,“复旦投毒案”最新进展：最高法已核准林森浩死刑,,0
日本一幼儿园竞跑赛，排名第二的小哥跑到终点整个人都懵了！好萌！,0,,,1
熊妈妈的微博：今天早上，奔驰和宝马车车主，据传闻是公安局的人，称其价值20余万元的手表在泰顺玉龙山度假村遗失，就用私家车把酒店过道堵死。报警2个小时，还不见交警拖车。造成20余人滞留。据酒店方面了解，泰顺警方已介入，可惜失主官大，没办法处理！,1,警官丢表，宝马奔驰堵路，胆大包天！,,1
故事应该是这样的：投毒嫌疑人林森浩的本意并不是毒杀黄洋，而是同舍的另一人姜成，他曾于2012年在百度注册名为“诛姜成”，并提了很多关于有毒化合物的问题，他的本意应该也并非直接投毒致命，而是小剂量缓慢的让他中毒，最终致死，却不曾想放错了剂量，并误杀黄洋，最终造成惨剧。,1,,#复旦大学投毒事件#,0
我发表了头条文章:对美捐赠20万只口罩，华人女子获得美国绿卡：我现在不是中国人,1,,,1
网友爆料，2016年11月17日凌晨3点，快手网红国际庄磊哥、京城阳少、大驴等四人在快手直播完，从办公室出来后，被10几人持关公刀围堵，双方激烈打斗，国际庄狗磊受轻伤逃跑，京城阳少被对方开车撞击两次，造成颅内出血。网友爆料导致几人被...展开全文c,0,"网传石家庄一网红因""直播""遭砍！生死不明！",#石家庄身边事#,0
"①邮政寄件有望上门揽件;②节水型坐便器不大于5升;③北京婚姻登记实现跨区领证;④南昌、武汉、长沙、合肥职工医保异地就医即时结算;⑤山东14个设区市正式获立法权;⑥西安民意调查作假可追究法律责任。转之,让更多朋友获益吧！戳图↓↓了解更多新规。",0,[话筒]12月新规来啦！我们的生活又有哪些改变！,,0
华山捞尸队是不是真的存在？死那么多人，华山景区需要解释的吧，还不给家属看监控,1,,,0
近日，一张雪中警察背老人的照片被网友点赞。图中警察是徐州民警高鹏飞，老人是一诈骗案的受害人。日前老人带着工钱回老家，路上却被骗走了钱。高鹏飞通过监控锁定嫌疑人，蹲守8天8夜将其抓获。在领取被骗财物路上，老人扭伤了脚，小高将老人背上警车再送回。为好民警点！,0,雪中，他的身影很暖心,,0
简单的快手菜，清爽适口但又不失鲜美。喜欢吃的朋友们学起来~,0,凉拌金针菇,,0
因妻子即将分娩，家养的鹦鹉吵闹，上海80后青年陈某欲将鹦鹉卖掉，没想到因此被判刑。法院以非法出售珍贵、濒危野生动物罪判处陈某拘役二个月，缓刑二个月，罚款五千。法官表示，饲养保护动物不违法，但一般买卖需有特殊资格证。,0,男子出售家养金刚鹦鹉被判拘役两月,,1
这个我倒是相信的，我就是看新闻联播看少了,1,,,1
北京这杨柳絮什么时候能治治，比如城区逐渐替换掉飘絮的杨树柳树，每年这时候在室外都不敢摘口罩，这样过敏鼻炎依然每年被诱发，每天被迫在窒息的边缘试探，睡觉都被憋醒简直了,0,,,0
不要给宝宝买太复杂的玩具，他们理解不了,0,,,1
寻人启事13759695559帮扩散，今上午三岁女孩在锦绣花园小区被人拐走了，小女孩知爸爸手机号码监控上看四十多岁男人抱走了现大人都急疯了有知情者请告之万分感谢联系人张静杰13759695559你伸出手指按3秒看到就转转吧我们都会有孩子我分享了O微博找人广场-好友关注动态,1,,,1
一位可怜的94岁老奶奶，老伴去世，儿子伤寒死了，两个孙子在外面打工，她每天依靠捡垃圾为生，每天捡垃圾捡到凌晨2点，也只能转5、6元。奶奶双腿已经裂开，因为没钱，一直没有医治。求扩散~~每转一条微博，腾讯公益就像老奶奶捐出1毛钱，多转几次吧，不会脏了你微博，对么？,1,,,1
随着数字化时代的发展，线上预约、扫码转账、远程操作等，对年轻人来说已经司空见惯。但这些数字化的生活方式，让一些老年人感到力不从心。不会操作智能设备，给老年人的生活带来了很多不便。中国青年报调查显示，仅28.8%的受访...全文,0,九成受访青年愿意教父母使用电子产品,#老年人使用电子产品遇到的障碍#,0
还记得之前在电视直播中抢镜爆红的小男孩吗？最近，他的梦想成真了。。。,0,,,1
济源一女司机撞人后打人，称“钱多、后台硬”，引发众怒，轿车被围观群众掀个四轮朝天。姐姐叫毕娟是济源市副市长何雄的儿媳吗？后台果然！！,1,河南撞女童打人女司机已被拘留家中无人为官,,1
最近，关于我们嘉兴的新闻真是多啊，这是要变成“网红”的节奏啊。这不，疯传的“上海同意嘉兴使用021区号”的消息，又让这个世界癫狂了！小编一直潜水着在寻找权威消息。然后，有图有真相的来了。东方卫视新闻播报：同意浙江可用上海“021”区号！标志嘉兴...展开全文c,0,021号码对嘉兴意味着什么？,#嘉兴身边事#,0
大鹏看天下:恩，特勤不是特警，但是，那两个穿警察绿色反光背心的一直在袖手旁观，也是不争的事实。,1,,,1
多位网友提供视频称：9月4日上午，上海外滩，汉口路，一辆沪G-Y7201黑色滴滴车当街冲向交警，猛撞警车，撞伤一名环卫工人！交警果断打破轿车玻璃，将司机拽出，压倒控制在地上！上海警方通报，该车确实是一辆网约车。滴滴随后回应，已封禁该司机的账号。,0,上海一辆滴滴车司机公然撞交警！,,0
刚捐了一批，暂时没有冬天衣服了，请大家帮帮忙。,1,,,1
暴躁老姐，买单时被插队，直接重拳出击不正常人类调研中心的微博视频,1,,,1
我妈的女儿最可爱。：大家注意了，千万不要让自家的小孩单独一个人在外面玩耍。拐卖小孩，卖器官，已经好多小孩被偷走了，（大家请注意了.白兔潭泉沅村.犯罪已经抓到两个，还有三个没抓到。求转发！2株洲·湖南省醴陵市白兔潭中学,1,,,1
民生银行北京分行的某业务副总经理利用职位便利骚扰女下属。王女士表示在职期间关某多次以工作应酬为由约她出去进行骚扰。银行回应聊天记录属实，初步确认两人之间的行为只局限于微信，并没有产生实质性的关系，已对当事男子停职检...展开全文c,0,网曝民生银行高管强迫女员工开房银行回应：微信骚扰无实质性关系,,0
香港方面称，充气大黄鸭在港不幸爆掉，乃大陆沈阳某旅行团的胡某扔烟头所致。此旅行团13日晚搭乘豪华客轮「莫利亚第」号经过大黄鸭旁，胡某向其投掷了30个点燃的烟头并向周围游客表示“不信弄不死你”，昨晚大黄鸭倒下后经导游指认港警已将其收监,1,,,1
12月9日，湖南省人民医院呼吸内科的杨医生被患者家属（某旅行社部长）暴力袭击，脸部多处被抓伤，眼镜被打碎一地，并出现恶心，呕吐，头晕等脑震荡表现。起因是其认为术后正常出血为穿刺所致，行凶者极其嚣张。希望严惩！（出处水印）,0,又见暴力伤医,,0
2012年09月10日。宁波妇儿医院今天下午1点48分，一妇女及一婴儿在住院楼跳楼，后抢救无效死亡。具体情况公安部门正在调查。妇女因小孩病重，加上负担不起昂贵的医疗费，带着仅四个月的宝宝从12楼跳楼身亡。整个国家已经民不聊生，民不能生，还计划生育，让民不敢生，民何为继？,1,,,1
明天23时25分，迎来小雪节气。①北方气温逐渐降到0℃以下，但“地寒未甚”，虽开始降雪但雪量不大，故称小雪②南方开始进入冬季，“荷尽已无擎雨盖，菊残犹有傲霜枝”，已呈初冬景象③北方供暖后屋内燥热，需当心“暖气病”④南方气候湿冷，应预防冻疮。雪花来了，你期待吗？,0,明天，#你好，小雪#,#你好，小雪#,0
冬天到了，为什么别人的围巾围出来这么好看？快把这十大围围巾方法学起来吧~,0,,,0
26日，家住长春卫星路附近的刘先生在朋友圈转发了一条寻人帖，内容大致是一个三岁小女孩被人拐走，大人都急疯了，联系人张静杰手机号为13759695559。刘先生也不认识这个小女孩和她的家长，只是好心帮忙扩散。via长春晚报,1,长春“3岁小女孩被拐”是假消息疑似吸费诈骗电话,#长春身边事#,1
一只幼猴紧紧搂住即将被“活取猴脑”的妈妈。（转）,1,,,1
走一波短发照。你们看着习惯吗？最近忙宝宝的纯母乳喂养、忙科学添加辅食、忙开发左右脑、忙研究蒙台梭利。忙来忙去竟然忘了发微博…大过错…司珂华,0,,,0
盱眙县一女子因感情受刺激爬上奔驰车。。。这都光光了看来爱的够深啊！,1,,,1
9.18的深圳有点热闹。难道今天都不上班吗？,1,,,1
40分钟的生命权值多少钱？美国一死囚执行死刑前，照例大吃一顿。这家伙吃了大餐还喝了红酒，没想突发脑溢血当场挂了。比执行死刑早死了40分钟。其亲属因此状告监狱：救护不力，明知高血压还让喝酒，让死囚丧失了本应享受40分钟的美好生命。官司赢了。40分钟的价值是350万美元。袁裕来律师徐昕,1,,,1
江苏宿迁62岁的林兰松老人，家里有块石头，是上一辈耕田时偶尔捡到的。最近，林老汉把石头拿给考古工地的专家瞧，没想到小小顽石竟是距今至少4000年的石锛，属新石器时期文物。林老汉决定将它无偿送给宿迁市博物馆收藏。为林老汉点赞！（央视记者吴睿）,0,江苏老汉捐新石器时代文物父辈耕田捡来的！,,1
，明天我将拨打食品药品投诉举报热线022-12331进行举报，天津还有其他狗肉馆吗？尽快找美团天津上线呀，不然我怎么知道你在哪呢？让我一举端了你！！美团下线只是第一步，大家要拨打区号+12331，举报“狗肉来历不明，未经检疫，存在食品安全”。,1,老地方火锅鸡,,1
今日网曝饿了么与美团员工在街头斗殴视频。视频显示，大批饿了么员工在美团外卖门店外聚集。双方手持宣传材料、棍棒等作为武器，发生激烈冲突，犹如古惑仔。斗殴发生地点为福建省漳州市。秒拍视频,0,怼上了！美团与饿了么员工街头“打群架”,,0
金锋-杨:确实不该踢那一腿。那一句脏话和飞起的一腿是一个绝佳的配合，目无法纪。执法者目无法纪，希望老百姓能守法！我想，在一个强者面前，他的腿是哆嗦的！//面条脑袋://时事博报:厉害！//作家崔成浩:肯定是临时工！,1,,,1
自驾游恶意违法猎杀国家保护动物～藏羚羊。最终两只可怜的藏原羚吐血惨死，希望大家转发这条，希望有关部门严管处理。有一个人还说着上天堂吧，实在不好意思。另外一个人看着奄奄一息的藏羚羊太漂亮了，他的这句话是形容瞄准无误所以漂亮吗？阿里君DhondapDorjeer的微博视频,1,,#为西藏藏羚羊残杀事件发声#,1
昨天城管打死卖野菜学生事件，据说又用的是神秘武器：秤砣！,1,,,1
安贞被打护士之一的照片，肖某看了这，你还要露背么？,1,,,1
江西省南昌市西湖区官方13日通过微博通报“‘4.1’违章摊贩刘英高坠死亡事件的情况”。通报称，刘英“突然情绪失控，从七楼楼顶天台跳下，后经医院抢救无效死亡”。图为事发现场（求辟谣）,0,江西一女摊贩从城管队办公楼7层坠亡,,1
转自百度贴吧【果然就该生男孩子好吗！？还能体会鬼父的理解感人至极太棒了！！！（via:Saber_Artoria）,1,,,1
有6个妹控的哥哥是怎么样的一种体验呢？美国一对夫妇，有6个儿子，有一天终于迎来了一个小公举，这6个哥哥开心得疯掉了…真是太暖啦！很多人看完都会感觉想要一个哥哥吧,0,,,0
一只幼猴，紧紧抱着将被“活取猴脑”的妈妈。好狗好猫流浪狗义工团陈美琪冷小张作家陈岚沈浩波李开复z_月儿任志强,1,,,1
近日在乌鲁木齐市仓房沟水泥厂菜市场后门手工馍馍店附近，一个小伙子白天补觉煤气中毒，幸亏民警及时赶到破门而入将小伙救出。2月26日，新疆晨报记者从乌鲁木齐市公安局沙区分局仓房沟派出所获悉，被救小伙已经出院，身体基本康复。Via新疆晨报新疆都市消...,0,小伙大白天补觉怎么叫都不醒，民警破门救他一命,#乌鲁木齐身边事#,0
阿尔及利亚，恐怖分子突然将运油车驶进跑道，空客380紧急复飞，几乎擦着油罐顶部升空。整个过程足以媲美好莱坞大片。外科医生马煜的微博视频,1,,,1
中国（海南）改革发展研究院院长迟福林29日表示，作为拥有14亿人口、4亿中等收入群体的新型开放大国，是全球最具潜力的大市场；中国的大市场既是中国的，也是世界的；中国坚持推进以扩大内需为基本导向的高水平开放，不仅能够有效释...全文,0,,#兴趣话题词#,0
只想下车问个路，却被愤怒的村民当成人贩子围殴至死……听信网络谣言的村民，为了打击“拐卖儿童团伙”滥用私刑，这不是正义，而是疯狂的谋杀啊！,0,,,1
好想次！好想次！！14种土豆的花式新吃法，慢镜头下看着真是食欲大开！！！土豆控简直不能忍~~,0,,,0
重庆保时捷女车主住处曝光，开保时捷，住独栋别墅800万起高档小区，也许很多人会惊讶，但这也许只是冰山一角。与严夫人一样，大家关心的是她家的收入是如何支撑这些奢侈消费的。这一耳光，或许够她后悔一辈子。,1,,,1
徐州同城会帮忙！求扩散，2013.7.14日上午有个小女孩在大润发超市附近被人拐走了，小女孩三岁多，能准确说出她爸爸的手机号码，从监控上看是被一个四十多岁男人抱走了，现大人都急疯了，有知情者请报警，万分感谢！菩萨保佑,1,,,1
4日晚间，一段拍摄于北京地铁的视频疯传。视频中，一年轻男子不断辱骂两名女子，并抢夺手机。目前，警方已查获一名嫌疑人。据通报，此人只有17岁。也老大不小了，父母、学校没有教育好，就该让社会和法律来教育他。|“地铁渣男”...,0,,,0
广东女子未戴口罩被拦转身跳河：把我给杀了吧！2月11日，广东汕头一女子因未戴口罩被阻拦，对防疫人员大喊：“那你把我杀了呀“！随后就转身越过栏杆跳入河中。目前相关人员已将该女子救起，事件正在调查中。风之子FC的微博视频,1,,,1
河南焦作，一女孩被陌生男子猥亵，17岁同行男生小王出手解困，与对方发生冲突。男子鼻子被打骨折，小王因涉嫌故意伤害被批捕，已被羁押近1个月。律师表示，小王应属正当防卫。当地检察院已成立专案组，对案件复查。...全文,0,17岁男生反击猥亵少女者被批捕：两人打斗，对方鼻子骨折,#焦作身边事#,0
王女士回忆，前两天婆婆说起二孩放开的话题。王女士心想，自己刚刚怀上第一胎，至少要等一胎生完再说。可婆婆突然说儿子挺孤单，“趁我现在还能生，赶紧生一个”。王女士顿时蒙了，老公20多了，婆婆再生个孩子该怎么称呼……,0,45岁婆婆怕儿子孤单欲生二胎怀孕儿媳吓蒙,,0
上海某家乐福，一家长走丢了孩子，急忙找超市保安。超市店长让关闭所有出口，挨个角落寻找。十分钟后，孩子在卫生间被找到，头已经剃了，麻药都打了，器官没摘成。如果这家超市高音喇叭广播，如果这个家长报警，等找到孩子时，一定已经晚了，完了。这事听得我心惊肉跳。,1,,,1
两岁的孙女得白血病已到重庆住院。60岁爷爷背上自家产的百斤山货，走2个半小时山路、坐6小时车，到重庆摆摊，给孩子凑救命钱。两天才卖出4把党参，80元，老人急得抹眼泪。“山货爷爷”感动许多重庆网友：今天就去看，能帮就帮！（中国新闻网）,0,爷爷背百斤山货下山想救白血病孙女[泪],,1
原来是真事啊？！！新闻都报道了！！4岁成都男孩划伤宝马，宝马车主打了小孩儿一耳光，奶奶叫来6辆奔驰砸毁宝马！！！然后爸爸来了把车买下，并且砸烂。,1,更多资讯关注@骑呢火星日日有料爆,,1
报警了太口怕了，出去玩的妹子们小心了。,1,,,1
17日，网传福建福鼎“少女遭多人围殴”视频，警方随即介入调查。19日，福鼎市公安局通报称，涉案的3名女子均系未成年，案发后先后在家人的陪同下向公安机关投案自首。目前，案件正在进一步审理中。（中青在线）|福建福鼎少...,0,少女遭围殴拍照录像3名涉案人投案自首,,0
女人买东西的思路，你同意么？by痞人日记,0,,,1
警方是一派胡言乱语！女子有冤情找领导说明情况，大门不让进，领导不接待，女子只好跪在那里求领导接见，这时几个彪形大汉过来连扯带拉，把女子裤子扒掉了，怎么能说女子自己乱蹬致裤子脱落呢？请警方表演一下；看看你乱蹬，或者瞎蹬，能不能把裤子蹬掉？嘿嘿，别自欺欺人啦。,1,,#女子警所被扒裤子#,1
今天份的小哥～图一的老张会动的哟～今天下了今年的第一场雪，好冷{{(>_<)}}啊,0,,#张起灵#,0
：如果晚上驾驶汽车经过漆黑路段时，受到鸡蛋攻击，千万不要启动喷水功能和开动雨刷。因为鸡蛋参水后将呈现白色，阻挡视线高达92.5％，你将被迫停在路边而成为劫匪的囊中物，这是歹徒最新技俩，应迅速驰离危险区域再做处理。转给自己身边的朋友亲人！！,1,司机朋友请注意！！！,,1
陈晨，两岁，被刚出锅的油给烫伤，已被送到医院，医生说现在情况很危险，需要花费五十万，急需好心人捐款帮助，现互动每位网友转发，每转发一次孩子可得到3分钱支助。多一人转发就多一份希望。帮帮这个可怜的小男孩吧,1,好人终有好报,,1
据网友高尚的秦超爆料：中午在长沙侯家塘北公交车站捡到一小男孩，三四岁那么大，浑身很脏，感觉走丢了一段时间，当时他在马路中间捡垃圾。车来车往很危险，我就把他抱到路边，他很抵触陌生人还咬我，最后他在地上睡着了。我打110把他送到救助站。大家仔细看看，谁认识孩子！你的转发就是他的希望！,1,,,1
上月，一个下雨天，杭州蜀山街道路上行人并不多。下午3点左右，一只棕红色的垃圾桶从27米高空急速落下，“轰”地一下砸在了草坪上，螺丝刀、花生壳、餐巾纸纷纷撒落一地……很快，物业报警，民警赶到现场，着手调查此事。通过调取现场监控录像和询问目...全文,0,又是高空抛物！#夫妻吵架女子十楼扔下垃圾桶#,#夫妻吵架女子十楼扔下垃圾桶#,0
内涵图：我是个货车司机，昨天被交警拦了，证件齐全没有违规！然后他说我没有带灭火器，我说我带了拿给他看，他又说灭火器坏的。我说好的不信你看，于是熟练的打开保险对着他按下了我人生中最愚蠢的一下！现在在交警队学习，他要告我袭警！,1,,,1
在北京有个公安局直属的狗狗监狱（北京市公安局犬类留检所。），主要任务是把大街上没有主人的狗抓起来，每七天集体处死一次。这些动物进来以后的生命就开始倒计时，7天是他们在这个世界上最后的日子！这里边还有很多纯种犬，欢迎大家去领养！L北京七里渠的狗狗们?查看图片,1,那里的狗狗只能活7天,,1
因举报网络大V、明星艺人嫖娼、吸毒，神秘的“朝阳群众”被网友称为“世界第五大王牌情报组织”。今年北京“朝阳群众”共提供线索21万条，其中涉毒851条，从中破案483起。警力有限，民力无限，必须给点赞,0,“朝阳群众”今年提供线索共21万条涉毒851条,,0
朋友圈发的，贵阳治安这么乱了吗贵阳·大十字广场,1,,#贵阳身边事#,1
近日，辽宁盘锦。一辆白色小车急速开进盘锦交警队院内，由于车辆状态异常，刚刚执勤归来的民警上前查看发现，男子酒气熏人。询问得知，男子在附近就餐后，想找个酒店休息，看到这里灯火通明就糊里糊涂开着车进来了。通过呼...全文,0,#男子醉驾迷糊中开进交警队#：看这里灯火通明以为是酒店,#男子醉驾迷糊中开进交警队#,0
看到就立刻报警！看到过也请报警！听说过也请报警！有任何线索也请报警！凤凰网已经报道。陈士渠秒拍视频.,0,,,1
汉服妹妹反盗摄怒砸地规社团20万仪器,1,投稿,,1
黑旅行社黑导游扎窝云南这是不争的事实，云南某些部门不作为这事都见怪不怪了，女子在丽江遭暴打了，只能发微博求助，这真是一个报警不如发微博的世道秒拍视频,0,,,1
近日，浙江余姚一位老人疑似偷衣服被抓现行，商户将老人捆绑在路边铁柱上示众。老人向商户求饶未果，猛撞铁柱失声痛哭。,1,,,1
时代再进步，曾经风靡一时的老年机都没市场了，都变成智能机。现在老年人用微信，我看老年人比年轻人玩的都顺溜。不过更多的需要提醒老年人谨防网络诈骗。长春,0,,#九成受访青年愿意教父母用电子产品#,0
湖北一大二学生为买苹果6手机、外出旅游，申请网上贷款。随后他拆东墙补西墙，不断贷款还债，最后竟欠下70多万元。催债人员常到学校讨债，他便回老家躲债，不敢回学校。如今其父已帮还了约10万元，其余还待解决。(荆楚网)消费还要量力而行啊！,0,大二学生贷款旅游买苹果手机竟欠款70万！[吃惊],,0
还记得那些在地铁站拦女孩，装什么闹分手，夫妻吵架的可怕男青年们吗？现在这个案例出现新骗法了，一波三折红脸黑脸都有。在惊恐状态下人可能脑子会木，小心此时出现在你身边的每个人。转给你身边的女性朋友吧！~~点子总动员,1,骗局新出吓得你发冷汗,,1
有一个信息请大家关注。曹小东告诉我郑州金水路经八路派出所里有个被拐卖的越南小女孩求助。警察却怀疑她卖淫的。要先把她留下三十天。警察里没有人懂越南语，只有小东能和她英语交流几句，她大概说她叫阮什么兰，是河内人。小东说他亲眼见到的很多警察在其他人面前无顾忌的调戏她。吃饭时只给她冷馍。,1,,,1
挖槽！！！！！这下子还不火？？！！！！！！！！,1,,,1
昨天果然被举报了，天地良心我可一句脏话也没说、一个谣言也没造，只是说出了客观事实不小心上了个热门广场而已（我都不知道这么好上），小汤圆这么玻璃心听不得真话的吗？,0,被举报了七百条，救救孩子吧,,1
最伟大的父亲，希望睡美人小公主早日醒来！,0,,#爸爸说女儿不是植物人是睡美人#,0
朋友圈每天都在用实际行动教育我：你再想不到的两个人都有可能互相认识。所以，绝对不要乱说话。,0,,,1
新版假币又来了!千万不要上当了，果断转给身边的朋友吧~?一个南京人必须关注的微博，推荐关注南京头条,1,紧急通知,,1
9年的环球旅行花了30万人民币，全部是邓深自己挣的钱。选择搭便车和做沙发客来节省费用，没钱了就继续打工存钱，她做餐厅服务员、导游、翻译、卖玛咖、写游记供稿……如今，邓深再次准备启程完成自己亚非拉30国游的梦想。,0,邓深：如果地球上再找不到想去的地方，我会搬到火星去,,0
据公安部打四黑除四害，就在刚才，大年三十，除夕之夜，今晚19时许，黑龙江省哈尔滨市公安局道里分局太平庄派出所民警曲玉权在出警过程中遭遇歹徒袭击，不幸壮烈牺牲！他是孩子的父亲，也是父母的儿子。哪有什么岁月静好，不过是有人替你负重前行...展开全文c,0,泪奔！除夕夜，团圆夜，这个民警牺牲了,,0
美国纽约！首次发现穆斯林沙里亚法执法巡逻队…深度News官网的微博视频,1,,,1
请帮人转发！求扩散，今天上午我一个朋友的女儿在番禺南郊大润发超市附近被人拐走了，小女孩三岁多，能准确说出她爸爸的手机号码，这是转发朋友圈里同事女儿的照片，从监控上看是被一个四十多岁男人抱走了，现大人都急疯了，有知情者请告之，万分感谢！（转发）就是图片小孩。,1,,,1
"4月2日，沈阳一群汉服党身穿汉服,到北陵皇太极陵前祭拜.",1,,,1
好人难当，网约司机送回乘客遗失的ipad，却反遭诬陷萝卜合作社小蜜的微博视频,1,,,1
6个月到1岁汇总篇。我把每个月的辅食表都做了一个图片，其实每个月可以吃什么，怎么吃，有很多的文章可以参考，但真正用的时候还是要看每个宝宝的自身情况，别人的不一定适合你。我这里列的表，可能有的并不适合你的宝宝，要进行自我调整，这也只是一个参考而已。,0,,#果果的辅食日记#,0
惠州红花湖你还敢去游泳么？,1,,,1
近日，有市民发现，黑虎泉最西面的虎头竟然吐出了“红舌头”…对此，天下第一泉方面回应表示，这是树根堵塞所致。以前也出现过，定期会进行清理。至于为什么是粉红色，对方看过后表示，杨树根就是这个色。据悉，此前西侧兽头也出现过类似情况。由于树根所在位置较为特殊，避免伤到兽头，所以会定期清理。,0,#济南#黑虎泉虎头吐出了“红舌头”,#济南#,0
据网友称在厦门镇邦路，下雨天时一老人家不小心摩托车撞倒一女子，女子的iPhone6plus掉到地上屏幕碎了，女子让老人家赔，老人家说我知道撞到人赔钱是应该的，但真的没钱。女子扇了几巴掌，还让老人家跪在雨水里…,0,女子苹果6被摔坏逼老人下跪,,1
现在云南，贵州等地大旱，一些地区旱情超过去年可谓百年一遇。84岁老人王用珍一边抹眼泪，一边割着已经绝收水稻，她一家五口人就只有这一块稻田，今年注定要缺粮了。为什么，现在中国XXX慈善组织几乎集体消失了？谁来救救我们的人民？,1,史上最凄惨一幕：八旬老人挥泪割稻草,,1
新的骗局又来了。如果你收到任何一个电话（包括10086或10010）说是在检查你的手机线路，并要求你按#或其它任何按键，请不要按那些键，并马上结束通话。那是一家欺诈公司，他们的机器能在你按下这些键后，连接到你的SIM卡，并用你的钱来打电话。把这消息转发给尽可能多的朋友，阻止这项欺诈。,1,,,1
上月，一个下雨天，杭州蜀山街道路上行人并不多。下午3点左右，一只棕红色的垃圾桶从27米高空急速落下，“轰”地一下砸在了草坪上，螺丝刀、花生壳、餐巾纸纷纷撒落一地……很快，物业报警，民警...全文,0,又是高空抛物！杭城小区一幕气炸业主！10楼女邻居：当时我在和老公吵架,#夫妻吵架女子十楼扔下垃圾桶#,0
我司员工，哈理工的李炳鑫，莫名变成南京猥亵女童大变态，回消息澄清回到手残，无奈再次爆照自证清白。。。|如果没在媒...,0,,#南京南站小女孩被猥亵#,0
●﹏●梦想中的国外是天堂，现实中的你在流浪！这是巴西的网友拍的一段视频：四川乐山的万永福先生坐渔船（偷渡）到巴西试图打工和拥有身份，结果是流落街头一年多。服饰标志很有特色！通网资讯的...,0,,,1
世界上最恶劣的村民就在中国。,1,,,0
11月12日，民警在G80广昆高速巡逻时，发现一辆货车停靠在应急车道内，车后不民警了解到，驾驶员林某从广东拉货前往云南，由于一路奔波饥饿难耐，便在高速公路应急车道停车蒸鸡蛋。仅没有摆放三角警示牌，就连双闪灯都没打开，完全不...全文,0,有点贵！#一货车司机在高速路上停车蒸鸡蛋#，交警：罚200元记6分,#一货车司机在高速路上停车蒸鸡蛋#,0
今天上午一个三岁多小男孩在苏州世纪家园小区附近被人拐走了，小男孩能说出她爸爸的手机号码从监控上看是被一个四十多岁男人抱走了现大人都急疯了有知情者请告之万分感谢看到信息的兄弟姐妹留意一下联系人张静杰13759695559苏州公安平安江苏苏州新闻扬子晚报陈士渠2鹿山路,1,,,1
私家车挤占公交车道？??谁还没点脾气笑迷糊了的秒拍视频,1,,,1
一名叫徐敬的女孩，21岁如看到消息请速回雅安水城县人民医院妈妈伤的很重，想叫她最后一面。爸爸号码：15193383486。国人接力作业本痞人日记假装在纽约北京厨子不加V（本消息是朋友微信里转的未确认是否属实但希望不露掉助人机会）,1,,#雅安地震#,1
连日的大雾天气过后，内蒙古托克托县出现了大片雾凇奇观。一向以枯黄为底色的冬天仿佛披上了一件晶莹剔透的外套。阳光洒过，又像给这片树林化上淡妆。戳图，带你走进雾凇深处！（央视记者阮超超薄书宁）,0,林海雪原玉树琼花,,0
中国马路为何修那么宽？斑马线前又为何不见礼让的司机？作者：姚白完|中国人过马...,0,中国人过马路为什么这么难,,0
浙江磐安人工降雨失误，竟然降。。。降雪了（转）,1,,,1
刚刚找到了骆爸爸的dy叫骆爸爸和他的贪睡女儿现在在志愿者的帮助下学着卖货主要是零食抽纸之类的也不贵大家有需要的话可以去看看买一点支持一下看视频说后期还需要很昂贵的费用希望可以通过dy帮助到骆爸爸快点好起来...全文,0,,#爸爸说女儿不是植物人是睡美人#,1
在微信竟然被作业本(微信ID:ZuoYeBeo)调戏了！！话说，要不要这么重口啊？！！,1,,,1
除夕之夜，哈尔滨市公安局道理分局太平庄派出所民警曲玉权遇袭牺牲。两天之后，一个雨雪交加的日子，北国铁岭一位交警在巡逻时，因冰雪路面车辆失控不幸以身殉职。同行两名辅警受伤，现在铁岭市中心医院抢救中。,0,大年初二又有一位警察殉职,,0
近日四川彭山街头出现一男子裸露上身，双手提刀，路人和车辆都不敢靠近，男子半径3米左右空无一人。公安局特巡警快速出击，成功处置，挡获嫌疑人员1名，收缴砍骨刀两把。处置过程中无群众民警受伤。经尿检，该男子尿液呈阳性，涉嫌吸食毒品。,0,四川吸毒男手提双刀挑战特警,,0
养儿子有什么用？实力嫌弃野生老母亲，我今天还托同事一起买冻肉干给他，因为一个ID只能拍一份，我！我！哎…说多了都是泪|秒拍视频.,0,,#美短火锅#,1
今天整理旧书旧报，发现了小学时代的回忆~真是老泪纵横啊哈哈哈！！这俩东西，有人买过吗...?,0,,,0
今日，杭州市江干区某机构人员假冒消防部门开展消防培训讲座，趁机推销消防产品，此举动已违反第十六条：“穿着军服或者军服仿制品冒充军人招摇撞骗的，由公安机关依法给予治安管理处罚；构成犯罪的，依法追究刑事责任。”，现已被公安局拘...展开全文c,0,警惕打着消防培训为名义的违法诈骗行为！,,0
朋友在大润发捡到一个钱包，里面有卡数张，现金4000左右，动车票一张，名字叫刘学伟，车票是后天的，失主请联系:13895686886，大家帮忙扩散。赠人玫瑰，手留余香。大家扩散??马放直播西安IN交通西安电视台官方微博西安帮西安电视台李尧西安电视台小周西安日报西安新闻网西安许姐,1,,,1
今天早上8点在通州北关结研所公交车站被一名背小孩的妇女扒窃手机，当场抓获，这一妇女，并且背一小孩，不吵不闹，怀疑为拐卖儿童，到单位后打110，转通州110中心，声称不予受理，让我自己去派出所找民警。求平安北京通州警方在线给说法！！,1,,#人民卫士你为了谁#,1
18日，武进一对卖煎饼的老夫妻的孙女失踪了。20日，警方发现孩子尸体被埋在失踪地附近的绿化带里，嫌疑人是常来买煎饼，并带孩子玩耍的熟人。孩子爷爷伤心的称，孩子平日除了在幼儿园，就是跟他们在饼摊上帮忙或玩耍…(现代快报),0,江苏6岁女童遇害被埋曾跟“叔叔”离开玩游戏,,1
总觉得自己的性格不适合上班，只适合拿工资。。。,0,,,0
赖小特特：今天终于亲眼见到了城管暴力执法，真是往死里打啊！一群年轻力壮的城管围殴一个板车小贩，而且下死手，根本不管是不是要害。图中人已经被按在车上了，后脑、脊柱等致命部位暴露无遗。如果不是围观群众上来解围恐怕非死即残。山东那哥们必然也是这么被打残废的。,1,网曝：北京城管暴力执法,,1
网友无理sheep爆料：在打铁关加油站附近，半小时前发生一起车祸，一名环卫工人一整只脚被一辆好车压没了。肇事车辆已经逃离现场，目前好心人已拨打120，环卫工人趟在地上血流如注！一个环卫工人，他招谁惹谁了？亲们转起来，把肇事司机找出来！杭州新闻城事,1,不是人！环卫工人整个脚被豪车压没！,,1
深圳宝安沙井新规了解一下有纹身的赶紧躲起来吧莫名其妙的,1,,#深圳宝安#,1
近日，南京唱经楼小区物业发警示，18日晚，一中东男子和女华人进入该小区29楼并拆除防盗门，准备进水箱房和电梯机房，被发现并斥责后匆忙离去。经监控录像分析，二人有严重破坏或投毒嫌疑。警方已介入，两名嫌疑人尚在抓捕中。,0,南京一小区称有中东男子潜入，他想干嘛？,#拍案#,0
据了解，费女士清醒后称自己没有赔付能力，并质疑店主“乱叫价”。此后，瑞丽市宝玉石协会以第三方身份，对受损手镯做出18万元的估价。目前，店主和女游客还未就赔偿金额达成一致，下一步双方将根据相关法律提请民事诉讼。（北青报）|云南:女游...,0,云南:女游客摔坏叫价30万元的手镯后晕倒,,0
邪教杀人最多判七年O网页链接（分享自百度贴吧）,1,,,1
熊孩子遭封号被爆蹭热度？网友投稿熊孩子由于昨晚的过激行为遭到举报封号一天，另外网上还流传一张据说是熊妈的微信聊天截图，里面熊妈明确表示“看到黑粉带节奏，然后再去蹭点粉能懂吧？”，不过这张截图的真实性未经证实。,0,,,1
特权婚车牛逼！警车开道！交通管制！今天上午10点40分，新街口四个路口交通信号灯全红，计时不再显示，一警车开道领一婚车队伍自中山东路驶入，婚车打头的是辆陆虎，后面的车恕我眼拙，太高端没认出，绕孙中山铜像一圈后驶回中山东路。全程约四五分钟左右，路口多车鸣笛送行。大领导结婚了？,1,,,1
北京、上海超过600万人活期存款在百万以上，深圳有261万人。是福布斯中国统计的，感觉高得太离谱了。,1,,,1
新闻突发超话据大河报，河南焦作市民王恒波反映，去年12月，他17岁的儿子王勇（化名）出手解救一名遭猥亵的女同学时，被猥亵者追上朝脸上打了一拳，“我孩子下意识还了对方一拳，对方倒地，我孩子又往他屁股上踢了一脚，就送那女孩回家去了。”而令王氏父子没...全文,0,#17岁男生反击猥亵少女者被批捕#,#17岁男生反击猥亵少女者被批捕#,0
四川眉山女子朱素芬，因车祸重伤，躺在重症监护室里，插呼吸管维系生命。朱素芬孩子前来探视时，却趁机拔掉她身上的呼吸管，甚至阻止医护人员抢救。不久后朱素芬离世，两个子女等多名家属涉嫌故意杀人罪，被采取强制措施。,0,儿子拔掉重病母亲呼吸管致其死亡,#拍案#,0
传闻，今天在黄家坝芙蓉溪附近，一位老大爷钓鱼时发现一具男尸，年龄二十岁左右，尸体开始腐烂。目前，绵阳师范学院正在清查在校男生数量。据说，死者被割喉挖肾！！！平安绵阳,1,芙蓉溪惊现男尸，死者被割喉挖肾,,1
农村出来的不容易，一代人的付出,1,,,1
让大家认识一下水库里的水鬼吉林·紫光北郡诺丁山qingsudegangwan的微博视频,1,,,1
记者2日下午从海南省气象部门了解到，2月16日～2月22日海南大部分地区气温比常年偏高、降水量比常年偏少、日照时数比常年偏多。对东部和南部早稻拔节、北部和中部早稻分蘖、西部早稻秧苗生长有利。详情→...全文,0,海南本周早稻种植应注意：五指山以北地区适当施肥西部做好早稻播种管理,,0
人间惨剧：今天下午约14点，宁波妇儿医院，一妇女携带一婴儿在住院楼跳楼，后抢救无效死亡。具体情况有关部门正在调查。据现场网友称妇女因小孩病重，加上负担不起昂贵的医疗费，带着刚满月的宝宝从12楼跳楼身亡。底层民众的医疗费用猛于虎，国人的性命其何等脆弱！,1,,,1
求助!!我现在车牌号为蒙G62868的白色长途大巴上，车上将近一百人，上车时所有人被司机一伙人打劫现金！大巴发苏州到西安，苏州警察不管让我找路政！我不知一会会发生什么！求大家关注转发并警察！！我在:2G42沪蓉高速,1,,,1
这是一只将要被带进实验室的母猴，她的孩子紧紧的抱着妈妈，母猴依依不舍的看着孩子。可母子俩亲情的努力什么都改变不了，还是无法成为人类医药和生物实验的试验品，请大家一起抵制动物实验产品！动物的生命值得尊重，虐杀和残害动物不叫科学！,1,,,1
前段时间，济南干旱少雨，尤其是进入六月之后，眼看地下水位不断下降，泉池之上，缺乏灵动。就在大家为泉水能否持续喷涌，揪心之时，这个星期，济南连续两场降雨，解了燃眉之急。昨天，黑虎泉“三个”虎头，终于又重新吐出汩汩清泉水。,0,,#济南身边事#,0
原文；宁波市象山石浦派出所，因为抓赌打死人，有无天理?杀人者偿命如此罔顾人命，有无王法?天理不容，还百姓公道。死者儿子想给父亲讨个说法，被打得满脸是血，死者妈妈被抓进局子里，死者被强制拉到殡仪馆，身边没有一个亲人陪着，死者头上被打的伤口血流不止…,1,派出所打死人还是猝死?,#随手拍#,1
我说一个人的时候就不能好好的玩耍吗？,0,,,1
怎样构建强大的自己，共勉。,0,,#夜猫子时间#,0
以后谁再敢说你胖，就拿这些话压死他！,0,,,1
“整个城市都睡了，只剩我和我的心事不能寐，那个好久不见的你，又占据我的回忆。”,0,,,0
哈哈哈~~我实在找不出任何语言了,1,,,0
简直太美好！这六张图我不能坚持看完了，一个更比一个虐啊！,0,,,0
Youcan'twaitforever.Dosomethingandmakeithappen.你不可能永远等下去。去做点儿什么，让一切成真。,0,,#晚安#,1
2015马上过完。。。你收获了什么？,0,,,0
刚才看到一段话，不知道是哪个大神说的。但貌似很对。“男人们你们记着：她追求的是钱，你给她足够的钱，她不会因为你去找女人而生气。她追求的是感情，你给她足够的爱，她不会因为你没钱而瞧不起你。如果钱和爱你都给不了，你却要她包容你的花心、懒惰、撒谎、那对不起，你需要的是个傻逼。”,0,,,0
时间一天天过去，好像什么也没改变，但当你回头看，一切都变了。,0,,,0
有些女孩子，雪球扔的比他么男孩子还远,0,,,1
是在收徒还是在拍黑帮大戏呢？？,1,,,1
我要的不多，一个平平淡淡陪我走到最后的爱人。几个疯疯癫癫陪我二到永远的朋友。,0,,,1
别惹我！！我要是疯起来...连我自己都怕！,0,,,1
从今天起，做一个简单而幸福的人。不沉溺幻想，不庸人自扰，不浪费时间，不沉迷过去，不畏惧将来。如此，安好。,0,,,0
有鼻子有眼。看不起昆山？,1,,,1
新闻参考：到底是什么问题？,0,地图,,0
看清一个人又何必去揭穿，讨厌一个人又何必去翻脸。活着，总有看不惯的人，就如别人看不惯我们。,0,,,0
当你学会放弃你才可以承受一切的失望和谎言我什么都可以不要了你还能拿我怎样,0,,,0
那个说我是大头死变态的，你给我出来！,0,,,1
我们得小心点了(S找节操),1,,#节操碎一地#,1
在很多时候，往往就是因为你要的太少，别人才索性什么都不给你，结果你一无所有。所以，想要什么，都得靠自己努力，永远都是这样。,0,,,0
这逼装的，我都不知道如何说是好。。。,0,,,0
偶是一只nicepuppy，求包养，求关注，求粉丝！,0,,,1
"我在这里:#河北省,秦皇岛市,抚宁县,亲们大家注意了我们要爱国我在:2G1京哈高速",1,,,1
据说是顺丰员工，不知真假，等核实！（来源：填鸭式教育受害者）填鸭式教育受害者的微博视频,1,,,1
不是每个人都愿意陪你经历所有。命里有时终须有，命里无时莫强求，让一切都顺其自然。,0,,,0
能力不足却野心太大，还在意太多的人，必然过得很烦恼。,0,,,0
先看视频，大家自己评判吧↓↓↓,0,,,0
对于生活的认识，一个人的视野和格局决定着是幸福还是悲伤，生命的视野不能只局限于内心的狭隘，应该是一种融合和光明，放手过往的纠缠，把那些积极乐观纳入生命的视野，去承担那些生活的得得失失繁忙嘈杂，用内心的宽度承载生命所有的意识和内涵。,0,,,0
不管雨下了多久，雨后都将会有彩虹，不管你有多悲伤，要坚信，幸福在等你！,0,,,0
最能燃起你「学习激情」的一句话。,0,,,0
娘的，不爆受不了，尽量少爆点,1,,,1
明明讨厌卻还是要笑着说还好明明很难过卻还是要装作若无其事明明很介意卻还是会心一笑说沒关系明明捨不得卻还是要装作毫不在乎明明很爱他卻還是要勉强自己欺骗自己做了那么多违背心愿的事真的好累像是背了一個沉重的包袱想放下卻放不下,0,,,0
能看懂吗常州西園樵客的微博视频,1,,,1
有时候突然就不想工作了，有时候会突然想要喝几杯，有时候会想要独自旅行，有时候就想结婚了……我们的脑子里有那么多的念头，可是仅仅只是想想而已。或许我们真的需要一些勇气，为一些突然蹦出的念头而尝试一下。也许，它会带给你惊喜。,0,,,0
人生就是这样，耐得住寂寞才能守得住繁华，该奋斗的年龄不要选择了安逸，度过了一段自己都能感动的日子，就会遇见那个最好的自己，踏实一些，你想要的岁月统统会还给你。上午好,0,,,0
网传最恐怖的新闻。严重求证！,1,,,1
舒舒羽zero(100分)派大星下拿得起放得下(99分)1900_Sin(100分)为了N3必须頑張撸-二零衣二(99分)樱桃美妞小姐(100分)许瀚元为高考求动力(100分)，我有没有在你的榜单里？没有就说明不准，网页链接,0,,,1
对于生活的思考，从困惑到迷茫，多少纠缠也都是枉然，有的时候不是被生活所伤，而是伤在了自己的拖延和懒惰，岁月匆匆，每个人都在寻找和这个世界相处的方式，领悟这世界对于生命所有的启示，生活从来也没有为某个人特别设计，所以生活也从来不允许谁那么任性的挑三拣四。,0,,,0
看一次温暖一次，愿世界充满爱~,0,,,0
“老板，来盘寂寞。”“对不起，先生，本店只剩空虚。”“开心、快乐也没有吗？”“有，是水货。”“真心有吗？”“昨天有买虚情假意的搭给他了。”“情人有吗？”“有。”“来一个，给我加点诺言。”“现在诺言都是假的。”“那知己怎卖。”“这个可贵，一缘一份。”“来一份。”“那你得邂逅。”,0,,,0
别因为寂寞而错爱，别因为错爱而寂寞一生,0,,,0
