content,label,title,tag,predicted_label,result
10日，瑞典斯德哥尔摩音乐厅，中国科学家屠呦呦从瑞典国王卡尔十六世?古斯塔夫手中领取诺贝尔生理学或医学奖。这是中国科学家在中国本土进行的科学研究首获诺贝尔科学奖，是中国医学界迄今为止获得的最高奖项。,0,['【今天，向这位中国科学家转发祝贺！#屠呦呦获颁诺贝尔奖#[鼓掌]】'],[],1,FALSE
XP/WIN7系统都会默认限制20％的网速，我们可以很轻松地解除这个限制，使你的上网速度达到100%，真正地体验冲浪的感觉~！本教程仅供技术交流，喜欢赶紧转走吧！学电脑，请关注黑客是这样练成的,1,['【别怪网速太慢，只怪自己不会调网速！】'],[],0,FALSE
iPhone5粉红款！女生的最爱！iPhone5首次曝光，即将上市。1.5GHzA4处理器，使用全新材质氮涂层外壳，这种氮涂层外壳具有防划防磨的特效。800万传感器，而且iPhone5完全解决了信号问题，并将支持4G连接，拥有32GB内存或64GB。喜欢的话，转发哈！,1,[],[],0,FALSE
日本富士新闻网报道，据日本政府人士透露，两艘中国海军护卫舰出现在钓鱼岛西北80海里海域。这是中国海军首次出现在这一地区。,0,['【日媒称中国海军护卫舰出现在钓鱼岛附近】'],[],1,FALSE
不幸遇难的中国人质名叫樊京辉，来自北京，曾从事广告行业。新浪新闻2001年1月15日登载的报道显示，樊当时接受白岩松采访时说，“自己一定要做自由人”、“从某种意义上说，要刻意追求不安全感带来的快感、走江湖的感觉”。详见：,0,['【被IS杀害的中国人质是谁？他曾接受白岩松采访】'],[],1,FALSE
皇军和八路军亲善珍贵史料流出,1,[],[],0,FALSE
药家鑫在看守所唱《传奇》的视频泄露之后，细心的再见华尔街发现台下领导席中坐着一位军装男子(第5分钟开始出现)，云中鹤138认为：他可能就是药家鑫父亲药青伟，是总后西安军事代表局驻西安的军代表。正团级军衔，副师级待遇。,1,[],[],0,FALSE
首都师范大学排名No.5的女学霸，王大芳，曾连续七次获得全校最高奖学金。上周末，在外出做家教途中发生了一次小车祸，感觉身体没什么大伤后，王大芳同学利用等待交警的时间背了107个英语古典文学词汇，同时也很好的保护了车祸现场。O,1,['【女学霸出车祸后】'],[],0,FALSE
2月26日晚11点多，郑州巡警接到报警，说一个女孩在宾馆受到性侵犯。民警赶到现场时，受害人小王的老板说：“我是北京大学明伦管理学院的副院长，我叫王子涵，我告诉你，别拍了！”O,1,['【北大院长王子涵深夜性侵犯女孩】'],[],0,FALSE
为增进同学之间的交往，培养健康的性取向和健康的人格，同时将学生宿舍管理工作与国际接轨！好先进，好羡慕嫉妒恨啊！,1,['【南京航空航天大学本科生可以申请男女合住】'],[],0,FALSE
1.现在睡觉的话，会做梦；而现在学习的话，会让梦实现。2.我无所事事的度过了今天，是昨天死去的人们所期望的明天。3.学习不是人生的全部，但学习都征服不了，那你还能做什么？4.今天不想走，明天就要跑了。5.此刻睡觉的口水将变成明天流下的泪水。,1,['【哈佛大学图书馆馆训】'],[],0,FALSE
如果真的对天一处罚，或者对他们高价生进行一些处理。那天一这个协议班得赔多少钱。所以很难看到最后这个事情有什么结果。黑啊，今天这天黑的吓人。,0,[],['河南专升本考生与辅导机构录音曝光'],1,FALSE
“世界学生跳绳锦标赛”上，一所中国乡村小学，广州花都区七星小学，斩获所有28枚金牌中的27枚！岑小林一人打破两项世界纪录，创下30秒单摇跳单脚110次（原纪录106次），3分钟单摇跳单脚548次（原纪录530次）的新纪录。,0,['【学生跳绳世锦赛一共28枚金牌，中国学生获得27枚】'],[],1,FALSE
"刚刚那个打交警的外国留学生，叫RIZWAN,HAFIZMUHAMMAD，是巴基斯坦人，也是福建农大与巴基斯坦费萨拉巴德农业大学联合培养的博士生。厨子磨刀关注一线警察法律面前外国人可以优先？！说的人人平等呢？",1,[],[],0,FALSE
这是全世界文科生的榜样啊。！！我的世界观崩塌得一塌糊涂。。。。（by人人爱重庆）,0,[],[],1,FALSE
今天早上，一中考点，一群穿旗袍的妈妈们在门口着实靓丽。网传穿旗袍寓意着孩子“旗开得胜”，看来所传非虚。妈妈们用心良苦呀！加油！高考生！祝你们“旗开得胜”！（供图：梁小姐）,0,['【郴州一中门口妈妈们穿旗袍祝考生旗开得胜！】'],['郴州身边事'],1,FALSE
高校又出凶杀案~浙江工业大学一女生在食堂门口被男友刺杀男友的遗书令人。。。O,1,[],[],0,FALSE
据本台记者消息，地震导致新北市一处变电箱爆炸，引发附近住宅发生火灾，致1死1伤。据统计，这次地震是今年台湾发生的第三起六级以上地震。,0,['【新北市一变电箱爆炸致1死1伤】'],['台湾地震'],1,FALSE
在驾驶舱玻璃爆碎、仪表盘开裂、无线电中断、高空失压和零下几十度的恶劣情况下，靠目视成功备降，临危不乱英雄本色！他们是川航英雄机长刘传健、受伤的90后副机长、所有机组人员向他们致敬！日更视频的...,0,[],['川航英雄机长'],1,FALSE
人民网：失联航班或有乘客冒充他人混上飞机。详见新闻截图,0,[],[],1,FALSE
东方航空MU5843航班昆明飞成都。本来12.：30就该到成都的飞机，现在却因为双流机场上空无人机影响，迫降重庆了！无人机何时才能得到有效控制！成都商报成都晚报东方航空,0,[],[],1,FALSE
黔西汽车站(黔西--协合)爆炸事件，死十几个，伤几十几，新闻报道说伤9个，重伤三个，到底在隐藏什么？？,1,[],[],0,FALSE
我们究竟为什么把这种二货当成国宝：地震中国宝们身手了得，及时自救，死死抱住蜀黍的腿via国际在线,1,[],[],0,FALSE
中国地震台网自动测定：03月17日10时16分在四川内江市威远县附近（北纬29.59度，东经104.78度）发生3.1级左右地震，最终结果以正式速报为准。（震长）,0,[],['地震快讯'],1,FALSE
网友爆料今天晚上，恒泰门口发生一起车祸，现场一疑似学生伢倒地不起，摩托车以及碎片都散落在不远处！掌上安陆的...,0,['【安陆恒泰广场门口发生一起车祸】'],['孝感身边事'],1,FALSE
4月10日凌晨3点14分，河南龙宇能源股份有限公司永城市陈四楼煤矿北翼12采区发生煤与瓦斯突出事故。此次事当班工人说，事故死亡人说已经超过十人，一人获救，获救者向外泄露了死亡人数的实情已被警方控制，愿逝者安息，能得到应有的公道，,1,[],[],0,FALSE
一个中国男人悲催的一生，吴好运竟然真无好运。愿在天堂转好运！待,1,[],[],0,FALSE
作者：官民皆守新闻法由中国国务院研究室、中央党校研究室、中国社会科学院等部门近日推出一份调查报告披露：中国的亿万富豪百分之九十以上是高干子女，其中有2900多名高干子女，共拥有资产二万多亿。在金融、外贸、国土开发、大型工程、证券O,1,['【官方承认：九成先富是高干子女】'],[],0,FALSE
“宴席赛过皇宫，20警车助阵，百万礼金入囊”，这是近日网络盛传的湖南省司法厅副厅长王亲生儿子婚宴景象。“中国网事”记者调查核实，确有警车出现在婚宴现场，但网贴所曝“厅长率全省司法系统100余人助阵、敛财百万”，当事人却有不同说法。,0,['【湖南司法副厅长“警车门”调查】'],[],1,FALSE
福建省纪委消息：福建省厦门市人民政府党组成员、副市长李栋梁涉嫌严重违纪，目前正接受组织调查。,0,['【厦门副市长李栋梁被查】'],['时局'],1,FALSE
有些媒体虽圈，但也只能天天看余杭余杭新闻网小强热线都市快报钱江晚报钱江晚报余杭生活央视新闻社会新闻大爆料社会维权曝光民生报道关注凤凰卫视凤凰卫视胡玲文汇报路透中文网Reuters华尔街日报中文网纽约时报中文网twitter中文讯息海de公园de梦想\,1,[],[],0,FALSE
我从小怕老鼠，但是不怕蛇。后来，有位朋友知道此事，大为惊讶。我说，有什么好惊讶的，不是还有那么多人，某党治下都欢蹦乱跳的活着，反倒害怕什么“列强”么？,0,[],[],1,FALSE
1945年8月14日中华民国与苏联签订《中苏友好同盟条约》同意“苏联尊重东北的主权领土完整；不干涉新疆的内部事务；不援助中共”等条件下允许外蒙投票公决。1953年民国政府援引苏联并未做到“不援助中共”等条件废除该条约，不承认外蒙独立，下令把外蒙重新纳入中华民国版图。,1,['【外蒙独立的前因后果】'],[],0,FALSE
美国总统特朗普10月29日在接受美媒Axios采访时说，正计划签署一项行政命令，取消“非美国公民的孩子只要出生在美国就可以获得公民身份”的政策。特朗普说，已经通过律师提出了终止这项政策的想法。“人们总是告诉我，你需要一个宪法修正案，你猜怎么c,0,['【特朗普称计划取消“在美出生即获公民权”政策】'],[],1,FALSE
19小时内，中纪委先后在上海、北京拿下首虎，反腐地图覆盖31个省份。《新闻极客》统计显示，十八大后各地落马的省部级“老虎”59名，有两名女老虎，山西7只老虎堪称“老虎窝”，多数老虎为1950年至1959年出生。,0,['【中纪委反腐集齐31省份“首虎”，都有哪些门道？】'],['新浪独家'],1,FALSE
阳朔变泽国，似乎未见官媒报道，都忙着帮美帝人民监督美帝政府了。――摘自网络,1,[],[],0,FALSE
「求辟谣：常务副市长陈尸护城河」原铁岭市常务副市长清华才子袁卫亮尸沉沈阳护城河！当地有关部门及个别领导正在全力以赴不惜代价不择手段组织在各大论坛贴吧博客删帖，仅此一贴，即创昨日中国删帖经济历史最高，个别管理单笔收入超过10万元，现在关于袁卫亮死讯99%以上都打不开，令死因扑朔迷离。,1,[],[],0,FALSE
3月记者前去采访漯河违章别墅群，结果被漯河市召陵区房管局副局长牛豪带人劫持到一片麦田狂殴，记者被牛豪用手枪顶住脑袋，威胁说先在大腿上开一枪。让记者写下保证书，承认敲诈勒索，保证不再追究此事....O,1,['【河南一名28岁副局长用枪顶头威胁记者】'],[],0,FALSE
吴某，某市公安局副局长，中共党员。浏览朋友圈时，他分享了关于一国两制文章，并罔顾一国两制政策出台背景与实际，发表评论大肆抨击、公然否定。吴某社会关系广，其观点被广泛转发影响恶劣,0,['【公安副局长在朋友圈批评一国两制被指妄议中央】'],[],1,FALSE
中国国家级贫困县张家川县刘书记会议室VS世界第一强国总统会议室，美国佬羡慕嫉妒恨！,1,[],[],0,FALSE
???按比例死亡。。这病毒是学数学专业的。拜托啦政府??，别再公布数据啦，我们认了我们信了，不用再为了让数据可防可控，操劳过度了吧。给内些无辜死去的人，留点儿不碍事儿的尊严，也能算在内数据里面吧！别让他们，再自费医疗，自费运尸，自费丧葬，别再让绝户门儿的孩子，再自费办理孤儿手续吧,1,[],[],0,FALSE
赵茂涵无辜吗？无辜个锤子！网传的朋友圈截图，这不就是在“钓鱼”吗？或者说是在钓凯子？还“我在想你”，虽然染上新冠不是她本意，当然没人想得新冠了！可是，成都确实是因为她和她的家人遭灾了！相比之下，其他什么也没干人，不是更无辜吗？,1,[],[],0,FALSE
现在天热了，不少车主喜欢把饮料放在车内或后备箱或车内。但专家提醒：尽量不要这样做，因为经日光暴晒后的瓶装饮料分解出来的增塑剂、染色剂称为环境荷尔蒙，对人体的免疫力和生殖力都有影响，会导致女性男性化，男性女性化，幼儿则会性早熟。,1,['【喝暴晒后瓶装饮料，会导致性早熟】'],['深圳提醒'],0,FALSE
一年前，2019年11月5号，武汉有八人因传播新冠谣言被捕，一举成为新世纪新闻。而今天新冠肺炎已蔓延全世界造成一百多万人死亡，目前尚无有效药物控制病毒继续蔓延。,1,[],[],0,FALSE
棒啊！90％的新冠病毒遇茶水1分钟被杀灭99.9％的新冠病毒十分钟被灭这个发现奥利给所以，每天都要腾出时间来喝茶呀！宣威市,1,[],[],0,FALSE
可孚酒精棉片150片酒精棉片这东西，我强烈建议备一点，手机每天都需要擦一擦的，据说一天不擦，手机上的细菌比马桶盖还要多,0,['【￥9.9】'],[],1,FALSE
新疆喀什地区疏附县新增137例无症状感染者，让人心头一惊。这一事实再次说明，局部暴发疫情的风险仍然存在。面对新状况，不能乱了阵脚慌了神，也不能掉以轻心慢三拍。从流调到核酸检测，从联合作战到启动一级响应，应对越周全效果越明显。迎击疫情，克敌制胜，千万莫疏忽！?,1,['【#你好，明天#】'],[],0,FALSE
这个竖线代表什么意思呢？指甲上的竖线代表一个人体质的好坏，如果体力透支，精神长期疲劳的话，竖线就会越来越多哦！年轻人如果已经有了的话，就说明呼吸系统和神经系统有压力，赶紧调整好生活规律，趁着春光明媚郊游一番，呼吸新鲜空气吧！,1,['【你的指甲上有一条条竖线吗？】'],[],0,FALSE
兰州拉面，砂锅粥‘加料’致癌，来伊份，立顿茶，太子了奶粉，星巴克冰乐，东北饺子参老鼠肉，蛋黄派和榴莲酥，统一奶茶，蛇果上蜡，可乐，费列巧克力有‘活蛀虫’，乳鸽，人造鸡蛋，绝育黄瓜，果粒橙！这是在服毒吗？,1,['【有图有真相！今年3.15又有17种“问题食品”曝光】'],['微天下'],0,FALSE
纪念李文亮医生大理白族自治州・喜洲古镇,1,[],[],0,FALSE
安徽靳先生4岁的儿子因胰腺炎，在南京儿童医院治疗。为表感谢，他包了5000元红包硬塞给主治医张志华。张医生没有当面拒绝，之后将钱存到孩子的医院账户中，冲抵住院押金。张医生说，用这种方式退还，已是医生们的默契。|南京一医院......c,0,['【医生为让患者放心收下红包之后抵押金“巧妙返还”】'],[],1,FALSE
昨天在青岛17点35分调频93.1发布青岛第一起埃博拉。所谓的谣言止于智者，也只是自我安慰！其实对于此类事件最清楚的莫过于政客！真亦是假，假亦是真，为了自己生命安全还是慎重出行！不要相信所谓权威媒体，在中国是不存在的！CCAV都经常播虚假购物广告。,1,[],[],0,FALSE
瑞典科学家的一项最新发现指出，女孩每天喝咖啡若超过三杯，她们的乳房可能会变小。因为半数女性体内含有一种特殊基因，由于这种基因，当她们摄入咖啡因时，乳房就会缩小。以星巴克LOGO为证！,1,['【[吃惊]喝咖啡可能会让你的胸部变小】'],[],0,FALSE
永康中医院，今天死亡一例外地归来患者（永康本地人），死因：发烧头痛。没做病毒培养、没有送省卫生厅。大家相互转告，注意预防H7N9永康新青年,1,[],[],0,FALSE
砖家证实接吻也可怀孕，哥表示鸭梨很大！,1,[],[],0,FALSE
就是。测血糖的那个东西，我也有一个。但是否需要医生处方已没有特别的记忆。另外，据说有些日本代买的糖尿病药是从在日本取得了药剂师资格的中国人那儿拿到的。药剂师的做法算不算违法呢？…,0,[],[],1,FALSE
心理学家认为，每天凝望帅哥10分钟，健身效果相当于做30分钟有氧运动，持之以恒，平均寿命可延长四五年。。。,1,[],[],0,FALSE
“只要有需要，随时叫我”！数十位“熊猫大侠”来到武汉广场捐血点，他们有的向路人宣传献血常识，有的办理献血证发放纪念品为献血者服务，更多人挽袖献血。武汉稀有血型爱心之家成立16年来，无数Rh阴性血志愿者为患病同胞奉献热血，为他们点赞！|武汉・武汉...,0,[],"['雷锋精神', '两会―公益']",1,FALSE
据青岛新闻网，顶着鲜艳黄花的黄瓜，通常在市场上受欢迎。但许多这样的黄瓜是用植物生长调节剂“扮嫩”的。有小贩爆料，黄瓜如果正常生长，采摘时早就谢，顶花黄瓜肯定是抹过药，甚至是避孕药配制的激素药。,1,['【“顶花”黄瓜或有猫腻，生长剂含避孕药】'],[],0,FALSE
香港检测出韩国农心辛拉面向中国内地销售的产品，塑化剂超标50倍，接近极限。-居然毒害了咱那么多年阿,1,[],[],0,FALSE
啤酒中含有植物雌激素已非新观点，最新研究指出，植物雌激素会抑制男性睾丸分泌睾丸酮。简单来讲，植物雌激素可能使男性肌肉力量减弱、体毛减少、胡须脱落、乳房和臀部发育等，这些变化将会使男人看上去越来越像女人。,1,['【请注意：男人啤酒喝多了会女性化】'],[],0,FALSE
火神山护士摘下口罩的一刻，小编见到了世间最美的笑脸！（来源：人民海军）好料三文娱的微博视频,0,[],['火神山护士抱冰块降温'],1,FALSE
原发性肝癌，在我国是高发恶性肿瘤，致死率居高不下，而复发性肝癌，在肝癌手术后5年内发生率高达60%~70%，是临床研究中的难点。12月23日晚，《Cell》刊发了一项复发肝癌相关的重磅研究成果，复旦大学（中山医院）肝癌研究所樊嘉院士...,0,['【中山医院樊嘉团队“复发肝癌与免疫关系”重磅研究成果登《Cell》】'],[],1,FALSE
溯源还是要的，强大执行力之下乌鲁木齐一定会在最短时间内康复，一个月结束战斗，期待，加油。・__北漂的痞爷的微博视频,1,['【#乌鲁木齐可能污染的外环境均已消毒#：#乌鲁木齐食品污水等样品检测阴性#】'],[],0,FALSE
快讯：华夏银行嘉定支行现遭到挤兑现在关门了！！！其中一储户损失1300万元！！！警民直通车-上海宣克炅,1,[],[],0,FALSE
双11来了，优惠加码，全场包邮！1、5元红包来即领，满168再减10元，满598减50，2全场好礼送不停，青汁、狮王牙膏、护手霜满额就送3、整点抢免单、5个整点首位下单免单50%，1111元封顶！转发+关注日本零君抽三位200元内免单。进店抢：,0,[],[],1,FALSE
哎哟喂，才一天没看微博崔教授已经：1.把人华谊兄弟系股票弄了个跌停2.人民日报等官媒发布国税责令地税介入3.接了范冰冰本尊的道歉电话(范爷咋不接着范爷了呢早干嘛呢4.换了件彩虹衫再度接受了采访5.约见了无锡税务局这效率，恭喜C位重新出道！,0,[],['崔永元'],1,FALSE
国家发改委已批复7万亿投资。,1,[],[],0,FALSE
方舟子真的一百天没有回来，我的承诺依然有效。中国电信预存话费送iphone4s，详情请登录中国电信官网。中国电信请为我撑腰！,1,[],[],0,FALSE
索尼今晨宣布破产！又一商业巨头倒闭了！反思！你还在传统行业中挣扎吗？就算营业额上涨了可利润是否下滑了，你该考虑改行了，你该顺应趋势了！与时俱进！！选择趋势才能选择未来。我在:2oY路,1,[],[],0,FALSE
即日起至12月31日，广东动感地带网聊卡用户一次性充值30元及以上且在当天发送“300”至10086登记，可每月19元享受300M流量优惠（即由原100M升级为300M，不加收费用）。享受优惠期为优惠生效月月结日起至2013年12月！转比需要的朋友吧！,1,['【动感地带网聊卡免费从100M升级300M！】'],[],0,FALSE
今天凌晨，微博、朋友圈出现所谓“截图”，称央视新闻00:05就发出了天猫公布双十一00:12的成交额，并广为流传……我们的编辑瞬间就“不好了”。特此声明：我们是0:24发出的消息，究竟截图怎么回事，我们请该客户端发布者也出面说明情况。截图为证！小编请大家帮忙辟谣！,0,['【澄清】'],[],1,FALSE
我他妈今天才知道，我们一直有交卫生巾税。今年四月一日以前都是17%，现在13%。而印度去年七月取消了原本12%的卫生巾税。呵呵,1,[],[],0,FALSE
曾成杰不是第一个被占财灭口的富豪。百亿身家北京建昊集团董事长袁宝Z留在世间的最后一句话“我不服，我要检举”，然后判死时他出堂就成这模样！知道那白围巾底下有什么秘密吗？你联想到了张志新？袁脖子底下至少勒着细钢丝，免得他当众说出啥秘密来。随后袁氏三兄弟一起被执行死刑，形同灭门。转,1,[],[],0,FALSE
Cartier自7月1日起，手表类上涨3%，首饰类上涨7%。简单明了一句话，要行动的，要放弃的，自行决定吧。奢华购_兰泊,1,[],['奢侈品调价'],0,FALSE
福州江南水都美域小区35号楼被曝震歪。开发商融侨集团请人检测之后，举行答辩会称：初步结论为楼体各项指标正常。福建省地质测绘院魏总工程师说“经过大致测算结果，大楼倾斜角度在正常范围内。居民看到的大楼严重倾斜可能和其站位及视觉角度有关系，因此还是要以仪器测算为准。”潘石屹，您怎么看？,1,[],[],0,FALSE
长期招聘淘宝兼职，时间地点不限，有意者可咨询我，QQ：123445569（加我请备注：兼职）,1,[],[],0,FALSE
如果马化滕先生确实是因为酗酒而引起心脏病发作的话，他自己当然要对自己的行为负责。但我想说的是：昨天和他一起喝酒特别是强灌他的酒友们，对他的去世你们没有责任吗？如果想想自己昨天硬灌了他几杯酒？当他说不喝的时候，诸位是劝停还是劝喝了？我奉劝所有强灌别人喝酒的人记住：住手与住口！,1,[],[],0,FALSE
"胡同魂：2013年北京什刹海即将开始拆迁！16万平方米胡同被以数十亿元授权给拆毁""北京胡同之根""砖塔胡同的天恒集团进行开发.该项目总投资达83亿,天恒集团获得40亿贷款后还面向港商招商.今年什刹海即将“拆迁近百户”（涉及已经翻修一新的白米斜街和烟袋斜街）。",1,['【地产开发商近百亿资金改造北京什刹海】'],[],0,FALSE
求证实！！！！！平安马明哲已逃亡国外，据传中央某官员母亲持有平安两亿多美元股份，北京所有外媒、英文媒体都收到材料。内容相当厚实，有事实、有依据、有时间、有地点、连国内审计报告都有。。,1,[],[],0,FALSE
每天学点儿心计学:推荐MV《南京1937》，向这样的艺人致敬！,1,[],[],0,FALSE
一埃及考古小组在开罗发掘出一具已逝世超过3000年的经防腐处理的女木乃伊。该小组负责人塞尔惊人发现，这具木乃伊竟在出土后怀孕。至今其腹中胎儿看来已有八个月，经超音波检查后得出胎儿正常成长。详见：O,1,['【揭秘女木乃伊离奇怀孕】'],[],0,FALSE
同事与男友分手，做出了一个很奇葩的举动，他登陆了男友的QQ，给好友里每一位女性发了一句话：我分手了，因为我发现我爱的是你！！这里面包括认识的不认识的同学同事朋友等等。发完后她淡定的退出，用自己的QQ给他前男友留了个言：作为前女友，我只能帮你到这了……... ,0,[],[],1,FALSE
拉面说：想成功，得有人拉一把。饺子说：脸皮不能太薄。窝头说：还是留个心眼好。虾说：大红之日，便是大悲之时。油条说：不受煎熬，不会成熟；总受煎熬，会成为老油条。这就是人生，成功的路上离不开贵人的帮助，名师的指点，朋友的理解，小人的刺激，家人的支持。人生不易且行且珍惜,0,[],[],1,FALSE
哪怕我们有99个理由要分开，但能不能为了那一个理由留下来。,0,[],[],1,FALSE
京城四少：内地有不少喜欢和女明星传绯闻的富二代，其中几个年轻帅气的被戏称为“京城四少”，即京城四少汪小菲、汪雨、王烁、王珂。汪小菲，“俏江南”集团老板张兰的独子，生活奢侈，喜爱名车。和章子怡传过绯闻，张雨绮曾经是其公开女友，目前已同台湾女星大S...O,1,[],[],0,FALSE
太穿越太欢乐了。各国君王代表队出场，导演杨洁致辞，剧组全体演员大联唱，唐舞，马德华小品，唐僧独唱，金池长老相声，赵丽蓉戏曲小品等节目，让你过足西游瘾。全集在线：【1987年...,0,['【《西游记》剧组齐天乐春节晚会3集在线】'],[],1,FALSE
谁谁谁--薛莉22:16发微博称：著名作家六六于2013年6月6日晚上21:00突发心脏病，被家人人送往上海长征医院抢救，最终因病情严重，抢救无效于当晚22:00宣告不治病逝！,1,['【求证】'],[],0,FALSE
网友说三年了，朋友从5个，变到7然后再变到9，心疼,0,[],[],1,FALSE
哈哈哈，笑疯了！看一次笑一次，根本停不下来,0,[],[],1,FALSE
今年4月1日是张国荣逝世十周年，其生前好友兼经纪人陈淑芬将宣布一个保守了十年的秘密。据媒体报道，张国荣系他杀，当时警方在香港旺角将犯罪嫌疑人周峰国抓获。香港警方称，当时抓捕活动只用了两个小时，且掌握了大量证据证明张国荣是周峰国所杀。,1,['【张国荣真实死因将公布】'],['快讯'],0,FALSE
心理学博士张怡筠：不管这个人再有钱，长得再帅，只要他喜欢抱怨，你赶快谢谢他，祝他一辈子幸福，并再也别跟他联系了,0,[],[],1,FALSE
"TakinginthatbeautifulShanghaicrowdwithgypsymoonshine,melanienyema,clareturtonderrico,eliottenicoleSostokedtoplay2morehere!-",0,[],[],1,FALSE
李白才是真正的预言家，，李白，你这么吊，你家人知道吗？,1,[],[],0,FALSE
20130720华龙网华龙娱摆摆报道：新剧曝光首版预告片场面震撼剧情虐心--视频频道(时长01:43）,0,[],"['李准基', '两周2weeks']",1,FALSE
又来一个凶残的！热门微博排行榜，我王一不小心占了三个位置胖兰你真是在用绳命屠榜！冯绍峰,0,[],['电视剧兰陵王'],1,FALSE
今天发了好多微博，别人都说我活跃像一个高仿，我不知道怎么回应这个，刚刚发了一个冰淇淋发带广告的，广告植入太严重，还有之前发的王者荣耀觉得这个游戏祸害了太多小朋友小学生了，我以后就不会发这种微博了今天刚刚到赛场和大家科普一下射箭运动的比赛一般射箭比赛为期7天第一天赛前练习检查器...c,0,[],[],1,FALSE
尼玛，太贱了！没有一点防备的二连击，绝逼友尽了。。,0,[],[],1,FALSE
榴莲，也许你都不知道榴莲是如何生长的，没见过榴莲花是多么娇艳动人。好奇博士,0,[],['涨姿势'],1,FALSE
哪怕恨到想杀了你最后还是想抱着你爱你痛就痛在这,0,[],[],1,FALSE
八月六观音诞宜日行一善。提早出门。鼠勿粗心大意，牛利出门，忙碌，虎利签约，开会顺利，兔宜低调，多矛盾，龙宜把重要~下来，蛇容易生气，R容易破财，羊勿争论宜先耐心聆听，猴注意上司关糸，u跑砼苋ィ琐碎事多，狗注意和伴侣不和，i不宜揭，慎言行。周一二上海，周三至周日广深州深圳香港,0,[],[],1,FALSE
今天下午，在渭南市华州区高塘镇政府院内发生一起跳楼事件。据知情者介绍，疑似一对六十多岁的老夫妻在寻求政府帮助时，不知何因？双双倒在镇政府楼下，生死不详。视频中，疑似一穿制服人拍照...求补充，求真相？陕西渭南公安渭南发布渭南宣传绪刚观天的...,0,['【渭南市华州区高塘镇有人从政府三楼跳下，生死不详】'],['绪刚说事'],1,FALSE
今天，我想向大家介绍几位少数民族的警察。,0,[],[],1,FALSE
全班29名男生为挽留唯一女生遭拒后集体自杀武汉科技大学2012级采矿班共30人，其中男生29人，惟一的女生是毫无争议的班花。而学期开学班花提出转业，29名男生集体写情书挽留班花，班花十分感动，但为了前途还是拒绝并转走了，酿成了此次集体自杀的悲剧O,1,['【社会生活】'],['十动然拒'],0,FALSE
紧急通知：副驾驶不系安全带相同处罚，开车打手机罚50，闯黄闪100，越线100，今晚六点半至夜二点全国交警集中查处酒架，为期60天重罚！每月10*20*30日省厅带队，3*7*13*17*23日和每周五，六市局检查，时间12-14点和19-21点。,1,[],[],0,FALSE
在这个高贵的国家里，菜贵伤民，菜贱伤农。是因为从农村到城里，一路路过了敌占区吗？,0,[],[],1,FALSE
近日网传一则视频称，江苏四名妇女轮流掌掴一名小保姆，小保姆来自农村，被打原因是给老人喂饭时老人嫌烫经查证，视频所反映事件于今年3月发生在江苏盐城市，被打者系一名未成年少女，打人者为被打者的前男友的现女友（有点绕），对该事件的具体处理结果可咨询盐城警方。平安江苏...c,0,[],['微博辟谣'],1,FALSE
方才截了张图，共赏共赏宋海涛-汽车与你估计是临时工了,1,[],[],0,FALSE
不是…这群人是怎么想的…脑残？,1,[],['测绘仪被当成照相机砸掉'],0,FALSE
广州一中49届校友叶铭业上月在美寄信回校寻初恋：50届李淑琚。两人当年互定白首之约，惜造化弄人，他因战火被迫远走，她在信中说：我会等你。后叶老多次回穗寻找未获。他说，但求有生之年能再见她一面。现寻人仍无果，如有信息可私信本报！为了这份牵挂，扩散！,0,['【寻找初恋的越洋来信】'],['本报'],1,FALSE
今天开始，自由行赴韩游客所有新办理的多次往返签证有效期一律延长至五年。从去年11月，美国对中国游客签证有效期延长到10年起，加拿大、日本、韩国、澳大利亚等国都将中国游客签证有效期延长为3到10年不等。,0,['【一次签证多年有效多个国家“说走就走”】'],[],1,FALSE
这就是厨房，你看不是有个门能出去的嘛，出去那里打开的那个窗户就是卫生间的窗户，专业人士报大腿求设计！halou旧家,0,[],[],1,FALSE
今日资兴市交警大队几协警未开单据就扣走一台价只千元的旧摩托，赎车时粗算罚款保险得花二千来块钱。纳闷，豆腐岂能卖肉价？后发现交警队内有个卖旧车的小店，恍然大悟！原来你不赎它就卖。祝陈江警官，生意兴隆、财源广进！御史在途郴州市交通警察支队,1,['【豆腐能卖肉价钱】'],[],0,FALSE
李芊是中国最美医生，她在列车上帮孕妇生产，法官说是违法的，那在火车上广播找人是不是违法呢，那外地警察在火车上协助干警抓坏人是不是违法呢，那雷锋做了许多好事是不是不应该呢2233乡道,1,[],[],0,FALSE
这是国际邮轮从1990年代末停靠济州以来，20多年间首次有乘客集体拒绝下船事件发生。当时码头上已有80余辆观光大巴等候，济州免税店等场所和数十名导游也做好了接待准备，当得知中国游客拒绝下船的消息，都感到白忙一场。|3400中国游...,0,['【韩媒：3400名中国游客在济州岛拒下国际邮轮】'],[],1,FALSE
温州老娘客微信约架后续！！！温州草根新闻,1,[],['温州老娘客微信约架'],0,FALSE
"瑞典研究:如果夫妻中有一人每天上下班路程花费45分钟以上,回家时就会因过于疲劳而无法分担家务.而另一方会有被忽视的感觉.冲突便逐渐增加;那些要花很长时间乘车或驾车上下班的人和配偶离婚的可能性比其他人要高出40%..上海离婚率全国排名第2,高达38%;再看看拥堵程度,准阿!!!",1,['【魔都离婚率为神马高?】'],[],0,FALSE
踏入社会你必须做到的九件事。,0,[],[],1,FALSE
有需北京户口的青年请速洗干净到湖北大厦报名咨询！著名女士也可报名！,1,[],[],0,FALSE
金溪县景湖花苑黑社会带几十个人来白马路象山学府这里强行拆路，，老人躺在地上，，我们打110，120没有一个过来救人的都没有，还要我们自己送去，，政府人声称：知道这个事，不归他们管，叫我们自己去跟当地镇长谈，，。大家帮帮忙，转发出去，谢谢！小燕子的名...|抚州・秀谷...,0,[],[],1,FALSE
昨晚8时，深圳一警车撞上宾利后，警车司机、深圳公安森林分局副局长钟某马上逃逸。记者致电追问，钟某否认自己开的车。官方今早通报称已确认，交警要求司机自首。上午钟某自首，回应称未逃逸、是去就医疗伤。有围观者说当时钟一身酒味。详见：,0,['【深圳警车撞宾利副局长逃逸后自首】'],[],1,FALSE
除了产检，准妈妈自己也有一些工作要做：记录月经周期、同房时间、4个月之后自数胎动等等。听说朋友怀孕送点什么好？转发这条微博给她吧~,0,[],[],1,FALSE
佛罗里达州的Marco岛发生了一件感人的事件：一只狗掉进运河，一群海豚便担起了救狗的责任，附近的居民听见海豚的声音，超级大声，出来一看，原来海豚们正驼着狗狗往安全地带游，他们赶紧报警，花了将近15个小时狗狗被消防人员拉出并与主人团聚。感谢附近的居民拍下这一张感人的照片。（牛尔）,1,[],[],0,FALSE
我市某商场某饭店，一个四岁的小女孩被打的全部视频，是非公道，自有评说～,0,[],[],1,FALSE
江苏宿迁62岁的林兰松老人，家里有块石头，是上一辈耕田时偶尔捡到的。最近，林老汉把石头拿给考古工地的专家瞧，没想到小小顽石竟是距今至少4000年的石锛，属新石器时期文物。林老汉决定将它无偿送给宿迁市博物馆收藏。为林老汉点赞！（央视记者吴睿）,0,['【江苏老汉捐新石器时代文物父辈耕田捡来的！】'],[],1,FALSE
"美国伊利诺斯州发现了一只小巧可爱的猫,这只小猫名叫皮堡斯,今年两岁,体重只有3磅,相当于一袋糖果。它是世界上最小的猫,现已列入吉尼斯世界纪录。皮堡斯已达到猫的正常发育年龄,但是体形仍然如果小巧,实属罕见。专家指出皮堡斯体形小巧可能是由于基因缺陷造成的",1,['【全世界最小的猫】'],[],0,FALSE
朋友圈发的，贵阳治安这么乱了吗贵阳・大十字广场,1,[],['贵阳身边事'],0,FALSE
"张玲，女，今年20岁，因突发亚急性肝衰竭，住院两周，病情严重，已报病危，目前急需0M血液进行血浆置换，才可挽救。但张玲的血型是被称""熊猫血""的Ｒｈ阴性Ｏ型，属于非常稀有的血型，医院希望大家能在短时间通过网络等一切途径将这个消息发布出去，以寻求更大范围帮助！联系方式：13948110961",1,[],[],0,FALSE
2017年10月1日晚，拉斯维加斯露天音乐会上发生了枪击后，第二天德州就变成这种画风了……,1,[],[],0,FALSE
昨天果然被举报了，天地良心我可一句脏话也没说、一个谣言也没造，只是说出了客观事实不小心上了个热门广场而已（我都不知道这么好上），小汤圆这么玻璃心听不得真话的吗？,0,['【被举报了七百条，救救孩子吧】'],[],1,FALSE
今天徽州古城中和街，一匹马因受惊在商业街上奔跑时撞到路人！最后被击毙,1,[],[],0,FALSE
据网友称在厦门镇邦路，下雨天时一老人家不小心摩托车撞倒一女子，女子的iPhone6plus掉到地上屏幕碎了，女子让老人家赔，老人家说我知道撞到人赔钱是应该的，但真的没钱。女子扇了几巴掌，还让老人家跪在雨水里…,0,['【女子苹果6被摔坏逼老人下跪】'],[],1,FALSE
德国劳工研究协会调查显示，一周超四次性生活的人的平均薪水，要比一周只有一次的人高3.2%。同时在调查了7500个德国家庭之后，发现，性生活更多的人，也会更快乐、更健康、更性感。这一结果使没有性生活的低收入人群黯然失色。,1,['【德国研究称：性生活越多赚钱就越多[亲亲]】'],[],0,FALSE
只要你会添腚，一切皆有可能成龙泰安・大展新城国际,1,[],[],0,FALSE
18日，武进一对卖煎饼的老夫妻的孙女失踪了。20日，警方发现孩子尸体被埋在失踪地附近的绿化带里，嫌疑人是常来买煎饼，并带孩子玩耍的熟人。孩子爷爷伤心的称，孩子平日除了在幼儿园，就是跟他们在饼摊上帮忙或玩耍…(现代快报),0,['【江苏6岁女童遇害被埋曾跟“叔叔”离开玩游戏】'],[],1,FALSE
因认为自家房子被南京第一高楼“紫峰大厦”挡住阳光，陈先生提起诉讼讨要日照权及损失。今天，南京市鼓楼区法院一审宣判：被告南京国资绿地金融中心一次性补偿原告陈先生10万元。法院认为，原告房屋在“紫峰大厦”建成后，日照时间有明显减少。(中新网),0,['【赔偿10万！“南京第一高楼”因侵犯日照权败诉】'],[],1,FALSE
网警暴雨雷霆快评：冠亚凯旋门超市老板折辱卖菜老人一事已经偏离了道德谴责的轨道，如果人肉搜索、曝光隐私、PS恶搞甚至骚扰威胁就是这座城市的正义，那实在有愧于满街都是圣人的美誉！⊙投票表态：,0,['【欺负卖菜婆婆“网黑”老板被不明人士宣称“追杀”】'],['直播泉州'],1,FALSE
一条裤子穿两年，一瓶洗面奶用三年。。。,0,[],[],1,FALSE
山西60岁的沈菊芳，曾遭遇车祸，靠陌生人的血才得救，此后，她成了一名无偿献血志愿者，19年献血小板129次、全血17次。退休后，365天风雨无阻做志愿服务！“有人说我傻，能救人我愿‘傻’下去！”“我身体里淌过陌生人的血，希望我的血能帮陌生人延续生命”。（央视）,0,['【能救人愿“傻”下去[心]】'],[],1,FALSE
武汉李女士刚开车上路，就见相隔老远的一位大妈走到路中央慢慢趴好，李女士疑惑停车碰瓷未遂，大妈居然走近重趴，并边趴边做：“别动！我要趴了”的手势......神演技简直看得人尴尬癌都要犯了！提醒：遭遇疑似碰瓷第一时间报警！,0,['【慎点！视频高能！碰瓷大妈演技太浮夸！[笑cry]】'],[],1,FALSE
今晚零点祝你们成为一个明媚的女子，不倾国，不倾城，只倾家荡产,0,[],[],1,FALSE
我要的不多，一个平平淡淡陪我走到最后的爱人。几个疯疯癫癫陪我二到永远的朋友。,0,[],[],1,FALSE
沈阳的朋友麻烦扩散！好可爱的孩子！白小白-Ivan邓可佳Kelly韩硕DiIRIS_XUANjacky廖旖旎_果棒Q糖起床困难户LxySecret晓宇王辉南汤咚咚小爆蔡张幻想_赵玉越汤咚咚王晨柏Zz我是患有强迫症的哲学家王什么什么鑫菲澳宝贝李瑾儿DAISY王wfei潮人妈咪爱美甲,1,[],[],0,FALSE
一个人都无趣，两个人怎会有意思？,0,[],[],1,FALSE
今天的天府广场仁和春天，，,1,[],[],0,FALSE
先看视频，大家自己评判吧↓↓↓,0,[],[],1,FALSE
Greatpresenceofyourholiness.Amen.,0,[],[],1,FALSE
娘的，不爆受不了，尽量少爆点,1,[],[],0,FALSE
操他妈了，让不让人活了？,1,[],[],0,FALSE
原来在年轻时，我们都曾知识渊博！！！,0,[],[],1,FALSE
