content_token,label,title,tag,pre_label,result,content,type
日本 富士 新闻网 报道 ， 据 日本政府 人士 透露 ， 两艘 中国 海军 护卫舰 出现 在 钓鱼岛 西北 80 海里 海域 。 这是 中国 海军 首次 出现 在 这 一 地区 。,0,[ ' 【 日媒称 中国 海军 护卫舰 出现 在 钓鱼岛 附近 】 ' ],[ ],1,FALSE,日本富士新闻网报道，据日本政府人士透露，两艘中国海军护卫舰出现在钓鱼岛西北80海里海域。这是中国海军首次出现在这一地区。,2
2006 年 4 月 31 号 ， 台湾 迎来 12 级 热带风暴 。 恶劣 天气 导致 台湾 山区 部分 道路 损毁 、 桥梁 坍塌 ， 为了 保证 贫困山区 孩子 能够 正常 上学 ， 时任 台湾 “ 总统 ” 马英九 迅速 调集 海军 ， 用 军人 的 身体 铸成 了 通往 上学 的 桥梁 。 台湾 《 泽恩 报纸 》 摄影记者 谢长廷 记录 下 了 这个 感人 的 瞬间 ， 该 照片 也 获得 “ DASHABEE ” 新闻奖 。,1,[ ],[ ' 军人 桥 ' ],0,FALSE,2006年4月31号，台湾迎来12级热带风暴。恶劣天气导致台湾山区部分道路损毁、桥梁坍塌，为了保证贫困山区孩子能够正常上学，时任台湾“总统”马英九迅速调集海军，用军人的身体铸成了通往上学的桥梁。台湾《泽恩报纸》摄影记者谢长廷记录下了这个感人的瞬间，该照片也获得“DASHABEE”新闻奖。,2
周六 晚 位于 麻省 Worcester 的 军火库 被盗 ， FBI 和 当地 警察 介入 调查 ， 目前 并 没有 证据 表明 和 恐怖主义 有关 。 有 消息 称 ， 丢失 武器 包括 六部 半 自动步枪 ， 十部 手枪 ， 还有 其他 枪支 。 大家 还是 多 注意安全 ， 不要 往 人口 太 集中 的 地方 去,0,[ ' 【 军火库 被盗 】 ' ],[ ],1,FALSE,周六晚位于麻省Worcester的军火库被盗，FBI和当地警察介入调查，目前并没有证据表明和恐怖主义有关。有消息称，丢失武器包括六部半自动步枪，十部手枪，还有其他枪支。大家还是多注意安全，不要往人口太集中的地方去,2
皇军 和 八路军 亲善 珍贵 史料 流出,1,[ ],[ ],0,FALSE,皇军和八路军亲善珍贵史料流出,1
我们 小时候 没有 汽车 ， 骑 自行车 会 很 开心 。 我们 没有 华丽 的 衣服 ， 穿 的确良 会 也 很 自尊 自爱 。 我们 没有 ipad ， 但是 我们 弹弹 玻璃球 也 会 开心 快乐 。 我们 在 教室 里 是 兄弟 姊妹 ， 内心 没有 贫富 的 差异 。 如今 的 孩子 看上去 得到 了 很多 ， 其实 却 失去 了 一个 少年儿童 最 应该 具备 的 幸福感 和 健康 身心 。 难道 几十年 中国 教育 错 了 吗 ？,0,[ ],[ ],1,FALSE,我们小时候没有汽车，骑自行车会很开心。我们没有华丽的衣服，穿的确良会也很自尊自爱。我们没有ipad，但是我们弹弹玻璃球也会开心快乐。我们在教室里是兄弟姊妹，内心没有贫富的差异。如今的孩子看上去得到了很多，其实却失去了一个少年儿童最应该具备的幸福感和健康身心。难道几十年中国教育错了吗？,3
有人 问 ： 怎么 不设 管理员 ？ 校长 ： 6 人 一年 30 万 工资 ， 只要 丢书 不超 30 万就值 ； 偷书 是 受 教育 不够 ， 多 看书 多受 教育 ， 偷拿 过书 也 会 放回 书架 。 年终 盘点 ， 原来 10 万册 书 变成 了 10 万 6 千册 。 不教而诛 谓之 虐 ， 为什么 总 有人 说 中国 人 素质 低 ？,1,[ ' 【 宁波 一 中学 图书馆 无门 无 管理员 馆 名叫 “ 信任 ” 】 ' ],[ ],0,FALSE,有人问：怎么不设管理员？校长：6人一年30万工资，只要丢书不超30万就值；偷书是受教育不够，多看书多受教育，偷拿过书也会放回书架。年终盘点，原来10万册书变成了10万6千册。不教而诛谓之虐，为什么总有人说中国人素质低？,3
英国 国立 知山 大学 位于 英国 西 兰开夏郡 ， 毗邻 利物浦 ， 1885 年 建校 ， 为 国立 综合性 大学 ， 系 中英两国 政府 学位证书 互认 框架 协议 所 包括 的 英国 高等教育 机构 ， 在校学生 26000 多名 ， 教职工 4000 多名 ； 拥有 从 大学预科 、 专升本 、 专升硕 等 课程 ， 共计 250 多个 专业 ， 其中 硕士 以上 课程 的 学生 占 三分之二 。,0,[ ],[ ],1,FALSE,英国国立知山大学位于英国西兰开夏郡，毗邻利物浦，1885年建校，为国立综合性大学，系中英两国政府学位证书互认框架协议所包括的英国高等教育机构，在校学生26000多名，教职工4000多名；拥有从大学预科、专升本、专升硕等课程，共计250多个专业，其中硕士以上课程的学生占三分之二。,2
这次 四级 考题 究竟 难 不难 ？ 快 亮出 你 的 观点 吧,0,[ ],[ ],1,FALSE,这次四级考题究竟难不难？快亮出你的观点吧,1
我 觉得 自己 离 学好 英语 就 差 这么 一位 女 外教 ！ 暗夜 明亮 的 微博 视频,1,[ ],[ ],0,FALSE,我觉得自己离学好英语就差这么一位女外教！暗夜明亮的微博视频,1
很多 同学 问 做 真题 的 问题 ， 真题 一定 要 好好 做 。 真题 解析 如果 还 没有 买 的 同学 ， 可以 参考 高等教育出版社 《 2013 考研 数学 历年 真题 解析 》 ， 这本 是 我 一题 一题 审 的 。 还有 就是 《 题源 探析 经典 1000 题 》 。,0,[ ],[ ],1,FALSE,很多同学问做真题的问题，真题一定要好好做。真题解析如果还没有买的同学，可以参考高等教育出版社《2013考研数学历年真题解析》，这本是我一题一题审的。还有就是《题源探析经典1000题》。,1
作为 胡建银 这个 得发 一下 高考 福建 切线 公布 ： 本一 理工 490 ， 文史 551 ； 本二 理工 378 ， 文史 446 。 （ 更正 ， 见图 2 、 3 ， 最新消息 ： 福建 文理科 状元 都 是 福建人 ， 并非 网传 的 河北 高考 移民 ）,0,[ ],[ ],1,FALSE,作为胡建银这个得发一下高考福建切线公布：本一理工490，文史551；本二理工378，文史446。（更正，见图2、3，最新消息：福建文理科状元都是福建人，并非网传的河北高考移民）,2
刚 出版 的 2013 新华字典 “ 自 ” 释义 中 已 无 “ 自由 ” 这个 词 。 有 网友 好事 ， 立即 查 了 手边 04 年版 、 2010 年 印刷 的 第 10 版 新华字典 ， 果然 发现 我们 曾 有 “ 自由 ” 。 再 看 新版 字典 ， 沒 了 自由 ， 却 多 了 自慰 。 尼玛 已经 无耻 到 何种地步 了 ？ 连 “ 自由 ” 都 要 阉割 ， 你们 想 回到 欧洲 中世纪 去 啊 。,1,[ ' 【 “ 自由 ” 被 抹杀 “ 自慰 ” 还 在 】 ' ],[ ],0,FALSE,刚出版的2013新华字典“自”释义中已无“自由”这个词。有网友好事，立即查了手边04年版、2010年印刷的第10版新华字典，果然发现我们曾有“自由”。再看新版字典，沒了自由，却多了自慰。尼玛已经无耻到何种地步了？连“自由”都要阉割，你们想回到欧洲中世纪去啊。,3
最 值得 中国 学生 认真 听 的 演讲 ： 如果 想要 伟大 ， 就 用 平凡 来 堆积 ， 时间 较长 ， 建议 先马 再 看 ！,0,[ ],[ ],1,FALSE,最值得中国学生认真听的演讲：如果想要伟大，就用平凡来堆积，时间较长，建议先马再看！,1
美国 高二 的 数学 ... 请用 一句 话 概况 你 的 感受 ！ ? 推荐 关注 笑 死 偶 了,1,[ ],[ ],0,FALSE,美国高二的数学...请用一句话概况你的感受！?推荐关注笑死偶了,1
美国 高二 的 数学 ... 请用 一句 话 概况 你 的 感受 ！,1,[ ],[ ],0,FALSE,美国高二的数学...请用一句话概况你的感受！,1
如果 我们 的 大学 领导 ， 呵护 大学生 （ 仅限于 精神 ） ， 就 像 呵护 幼儿园 里 的 孩子 一样 ， 那么 ， 你们 能 培养 什么样 的 接班人 呢 ？ 大学生 还 能 长大成人 吗 ？,0,[ ],[ ],1,FALSE,如果我们的大学领导，呵护大学生（仅限于精神），就像呵护幼儿园里的孩子一样，那么，你们能培养什么样的接班人呢？大学生还能长大成人吗？,3
据 台湾 媒体 东森 新闻 云 报道 ， 英国 一名 19 岁 正妹 天资聪颖 ， 超会 念书 却 决定 从 医学系 休学 ， 加入 被 富人 包养 的 行列 。 经过 一番 交涉 ， 这名 女 大生 已经 被 11 名年 大龄 男性 包养 ， 成功 赚 到 珠宝 、 名牌服饰 和 昂贵 的 包包 ， 让 她 很 快乐 。,0,[ ' 【 英国 女 高材生 为了 被 包养 休学 】 ' ],[ ],1,FALSE,据台湾媒体东森新闻云报道，英国一名19岁正妹天资聪颖，超会念书却决定从医学系休学，加入被富人包养的行列。经过一番交涉，这名女大生已经被11名年大龄男性包养，成功赚到珠宝、名牌服饰和昂贵的包包，让她很快乐。,4
大家 看下 这 才 是 汇文 中毒事件 的 真相 麻烦 扩散 一下 听 同学 说 该 中毒 同学 现已 无 大碍 。 拜托 大家 扩散 一下 。,0,[ ],[ ' 北京 汇文 中学 ' ],1,FALSE,大家看下这才是汇文中毒事件的真相麻烦扩散一下听同学说该中毒同学现已无大碍。拜托大家扩散一下。,2
河南 小学生 踩踏 事故 ， 悲剧 再演 ， 22 日 上午 9 时许 ， 濮阳县 第三 实验 小学 发生 一起 学生 踩踏 事故 ， 目前 已致 2 人 死亡 。 2014 年 昆明 圆通 小学 发生 同样 的 事情 ， 致 6 人 死亡 。 平常 对 孩子 的 素质教育 ： 排队 ， 是 多么 的 重要 ！ | 丽江 · 丽江 ...,0,[ ],[ ],1,FALSE,河南小学生踩踏事故，悲剧再演，22日上午9时许，濮阳县第三实验小学发生一起学生踩踏事故，目前已致2人死亡。2014年昆明圆通小学发生同样的事情，致6人死亡。平常对孩子的素质教育：排队，是多么的重要！|丽江·丽江...,3
今日 8 点 39 分 左右 ， 河南 睢县 职工 幼儿园 的 一辆 校车 与 一辆 货车 在 一 十字路口 处 发生 相撞 。 由于 受到 猛烈 撞击 ， 校车 所有 车 窗玻璃 破碎 ， 货车 侧翻 在 地 。 大部分 儿童 由于 受到 惊吓 不停 嚎哭 ， 有 儿童 受伤 浑身 是 血 。 目前 伤者 被 送往 中医院 接受 治疗 。,1,[ ' 【 河南 睢县 一 幼儿园 校车 与 货车 相撞 现场 惨烈 】 ' ],[ ],0,FALSE,今日8点39分左右，河南睢县职工幼儿园的一辆校车与一辆货车在一十字路口处发生相撞。由于受到猛烈撞击，校车所有车窗玻璃破碎，货车侧翻在地。大部分儿童由于受到惊吓不停嚎哭，有儿童受伤浑身是血。目前伤者被送往中医院接受治疗。,2
昨晚 不是 四川 地震 吗 ， 一起 肝火 影 游戏 的 一个 朋友 好像 就 在 那 附近 ， 然后 我们 就 召唤 他 问一问 ， 他 说 他 在 伊犁 结果 伊犁 地震 了 ， 现在 已经 找 不到 他 了 ， 希望 黎明 能 好好 的 到时候 大家 都 给 他 捐 四代 碎片,0,[ ],[ ],1,FALSE,昨晚不是四川地震吗，一起肝火影游戏的一个朋友好像就在那附近，然后我们就召唤他问一问，他说他在伊犁结果伊犁地震了，现在已经找不到他了，希望黎明能好好的到时候大家都给他捐四代碎片,2
所谓 成熟 就是 ， 你 要 习惯 任何人 的 忽冷忽热 ， 也 要 看淡 任何人 的 渐行 渐远 。,0,[ ],[ ],1,FALSE,所谓成熟就是，你要习惯任何人的忽冷忽热，也要看淡任何人的渐行渐远。,1
8 月 18 日 早上 ， 铁西区 景星 街北 三路 绿厦 爵仕会 小区 楼下 一 早餐 店 着火 ， 接到 报警 后 ， 消防队员 第一 时间 赶到 现场 。 不幸 的 事 ， 早餐 店 在 着火 后 发生爆炸 ， 2 名 消防队员 牺牲 。 ? ? ? ? ? ? ? ? ? ? ? ? 心情 不好 了 不好 了 ， 大家 都 要 注意安全 ！ 生 者 健康 平安 逝者 安息 ? ? ? ? ? ? 为 消防员 小 战士 沉痛 哀悼 ? ? ? ? ? ?,1,[ ' 【 沈阳 铁西 ： 一 早餐 店 爆炸 ， 2 名 消防队员 牺牲 】 ' ],[ ],0,FALSE,8月18日早上，铁西区景星街北三路绿厦爵仕会小区楼下一早餐店着火，接到报警后，消防队员第一时间赶到现场。不幸的事，早餐店在着火后发生爆炸，2名消防队员牺牲。????????????心情不好了不好了，大家都要注意安全！生者健康平安逝者安息??????为消防员小战士沉痛哀悼??????,1
关于 河北 邢台 泄洪 事故 ， 需 认真对待 的 一个 问题 是 ： 在 现代 行政 法治 理念 中 ， 政府 不 作为 的 “ 违法 当量 ” 完全 不 低于 那些 “ 主动 作恶 的 违法 作为 ” ； 在 懒政 现象 普遍化 的 当下 中国 ， 这一 观点 应 大力 在 政府 官员 中间 普及 与 践行 。,0,[ ],[ ' 邢台 大贤 村遭 洪灾 ' ],1,FALSE,关于河北邢台泄洪事故，需认真对待的一个问题是：在现代行政法治理念中，政府不作为的“违法当量”完全不低于那些“主动作恶的违法作为”；在懒政现象普遍化的当下中国，这一观点应大力在政府官员中间普及与践行。,2
美国 当地 时间 10 月 10 日 ， 飓风 “ 迈克尔 ” 登陆 美国 佛罗里达州 ， 最高 风速 达 250 千米 / 时 。 树木 被 连根拔起 ， 屋顶 被 掀翻 在 地 ， 汽车 陷在 洪水 当中 ， 飓风 所到之处 ， 一片狼藉 。 要 知道 ， 飓风 在 整个 生命周期 中 所 释放 的 能量 ， 远比 一颗 核弹 的 能量 巨大 。 → O,0,[ ' 【 飓风 “ 迈克尔 ” ： 史上 罕见 的 破坏 威力 】 ' ],[ ],1,FALSE,美国当地时间10月10日，飓风“迈克尔”登陆美国佛罗里达州，最高风速达250千米/时。树木被连根拔起，屋顶被掀翻在地，汽车陷在洪水当中，飓风所到之处，一片狼藉。要知道，飓风在整个生命周期中所释放的能量，远比一颗核弹的能量巨大。→O,2
心痛 九寨沟 火花 海毁 了 诺日朗 瀑布 发生 垮塌 ， ” 再见 了 ” 昔日 的 九寨沟 。 美丽 的 九寨沟 ， 美丽 的 四川 ， 我们 还 回得去 么 ？ 一定 会 的 ！,0,[ ],"[ ' 摄影 ' ,   ' 摄影 人 ' ]",1,FALSE,心痛九寨沟火花海毁了诺日朗瀑布发生垮塌，”再见了”昔日的九寨沟。美丽的九寨沟，美丽的四川，我们还回得去么？一定会的！,3
发布 了 头条 文章 ： 广州 高铁 站 玩 手机 被 夹住,1,[ ],[ ],0,FALSE,发布了头条文章：广州高铁站玩手机被夹住,1
美国 一个 街区 发生爆炸 ， 具体 什么 原因 不详 … … 长治 吴沪先 的,1,[ ],[ ],0,FALSE,美国一个街区发生爆炸，具体什么原因不详……长治吴沪先的,1
他 曾 被 关压 27 年 ， 受尽 虐待 。 就任 总统 时 ， 邀请 三名 虐待 过 他 的 看守 到场 。 当其 起身 恭敬地 向 看守 致敬 时 ， 在场 所有人 乃至 整个 世界 都 安静 了 。 他 说 ： 当 我 走出 囚室 ， 迈过 通往 自由 的 监狱 大门 时 ， 我 已经 清楚 ， 自己 若 不能 把 悲痛 与 怨恨 留在 身后 ， 那么 我 仍 在 狱中 。 今天 曼德拉 走 了 ， 以此 故事 吊唁 这位 心胸 似海 的 伟人 。,1,[ ],[ ],0,FALSE,他曾被关压27年，受尽虐待。就任总统时，邀请三名虐待过他的看守到场。当其起身恭敬地向看守致敬时，在场所有人乃至整个世界都安静了。他说：当我走出囚室，迈过通往自由的监狱大门时，我已经清楚，自己若不能把悲痛与怨恨留在身后，那么我仍在狱中。今天曼德拉走了，以此故事吊唁这位心胸似海的伟人。,4
张昂 ， 前日 截查 一辆 名牌 越野车 时 ， 司机 突然 开车 ， 并 将 其 拖行 20 米 ， 期间 女警 的 ...,1,[ ' 【 华阴市 副 市长 的 车 对 西安 警花 下毒手 ！ 】 华阴市 副 市长 的 车 对 西安 警花 下毒手 ！ 【 西安 警花 张昂 ， 拦截 高官 车 ， 竟然 遭 碾断 手 】 ' ],[ ],0,FALSE,张昂，前日截查一辆名牌越野车时，司机突然开车，并将其拖行20米，期间女警的...,2
党和国家 最低 领导人 生产队长 下发 的 红头文件,1,[ ],[ ],0,FALSE,党和国家最低领导人生产队长下发的红头文件,1
哼 - 看 我 眼神 ： 《 一场 设在 大街 上 的 简朴 婚礼 》 主人 作为 某乡 的 乡长 ， 由衷 地 感叹 ： “ 没有 党 就 没有 我 的 幸福生活 ！ 社会主义 好 ！ 社会主义 很 先进 ！ ” 本人 也 由衷 地 感叹 : 一年 天朝 乡 ， 十万 血花 银 。,1,[ ],[ ],0,FALSE,哼-看我眼神：《一场设在大街上的简朴婚礼》主人作为某乡的乡长，由衷地感叹：“没有党就没有我的幸福生活！社会主义好！社会主义很先进！”本人也由衷地感叹:一年天朝乡，十万血花银。,3
我 从小 怕 老鼠 ， 但是 不怕 蛇 。 后来 ， 有位 朋友 知道 此事 ， 大为 惊讶 。 我 说 ， 有 什么 好 惊讶 的 ， 不是 还有 那么 多人 ， 某党治下 都 欢蹦乱跳 的 活着 ， 反倒 害怕 什么 “ 列强 ” 么 ？,0,[ ],[ ],1,FALSE,我从小怕老鼠，但是不怕蛇。后来，有位朋友知道此事，大为惊讶。我说，有什么好惊讶的，不是还有那么多人，某党治下都欢蹦乱跳的活着，反倒害怕什么“列强”么？,0
夜宴 紫禁城 — — 这是 故宫 最新 最 时尚 的 用途 。 只不过 ， 这一 时尚 与 普通人 无关 ， 夜宴 的 朱漆 大门 只 向 “ 拥有 尊荣 地位 的 高端 人群 ” 打开 。,0,[ ' 【 夜宴 紫禁城 】 ' ],[ ],1,FALSE,夜宴紫禁城——这是故宫最新最时尚的用途。只不过，这一时尚与普通人无关，夜宴的朱漆大门只向“拥有尊荣地位的高端人群”打开。,2
［ 人权 事务 ］ 九名 朝鲜人 近日 在 越南 被捕 并 随后 被 转移 至 中国 。 联合国 人权 高专 办 对此 表示 警觉 ， 担心 他们 或许 已经 被 遣返回国 ， 并 可能 面对 极为 严重 的 人权 侵犯 风险 。,0,[ ],[ ],1,FALSE,［人权事务］九名朝鲜人近日在越南被捕并随后被转移至中国。联合国人权高专办对此表示警觉，担心他们或许已经被遣返回国，并可能面对极为严重的人权侵犯风险。,4
摘要 ： 伯明翰 主席 杨家 诚 被 香港 警方 抓走 ， 罪名 是 巨额财产 不明 。 更 多 消息 还 在 进一步 调查 了解 中 。 十字 会 郭 会长 挣 的 钱 流到 香港 让 杨家 诚 洗钱 ， 郭美美 出事 了 香港 的 廉政公署 顺着 这个 线索 把 杨嘉诚 挖出来 了 。,1,[ ' 【 郭美美 出事 了 廉政公署 “ 威威 ” 】 ' ],[ ],0,FALSE,摘要：伯明翰主席杨家诚被香港警方抓走，罪名是巨额财产不明。更多消息还在进一步调查了解中。十字会郭会长挣的钱流到香港让杨家诚洗钱，郭美美出事了香港的廉政公署顺着这个线索把杨嘉诚挖出来了。,2
安理会 公开 会上 ， 中国 常驻 联合国 副 代表 王民 阐明 了 中方 立场 ， 反对 安理会 审议 朝鲜人 权 局势 ， 称 朝鲜人 权 局势 不 构成 对 国际 和平 与 安全 的 威胁 。 详见 ：,0,[ ' 【 中国 反对 联合国 讨论 朝鲜人 权 】 ' ],[ ' 时局 ' ],1,FALSE,安理会公开会上，中国常驻联合国副代表王民阐明了中方立场，反对安理会审议朝鲜人权局势，称朝鲜人权局势不构成对国际和平与安全的威胁。详见：,2
习访 印 期间 和 夫人 彭丽媛 前往 甘地 墓 敬献 花圈 。 我 不 理解 的 是 ： 毛泽东 纪念堂 建成 至今 几十年 ， 有 上 千位 外国 领导人 来 我 朝 访问 ， 为什么 就 没 一个 外国 元首 到 纪念堂 去 拜谒 一下 呢 ？ 为什么 ？ 毛粉们 不是 说 ： “ 全世界 都 敬佩 我们 毛泽东 吗 ？ ” ( 网摘 ),1,[ ],[ ],0,FALSE,习访印期间和夫人彭丽媛前往甘地墓敬献花圈。我不理解的是：毛泽东纪念堂建成至今几十年，有上千位外国领导人来我朝访问，为什么就没一个外国元首到纪念堂去拜谒一下呢？为什么？毛粉们不是说：“全世界都敬佩我们毛泽东吗？”(网摘),0
张海迪 ， 你 现在 可以 跷 二郎腿 了 ， 可以 开车 了 ， 看来 你 的 腿 已经 好 了 ， 可是 你 为什么 不 告诉 大家 呢 ， 为什么 还要 瞒 着 大家 呢 ？ 至于 你 的 德国 国籍 问题 ， 你 更是 没有 公开 澄清 ， 不管 大家 问 你 多少 遍 ， 你 始终 沉默 ， 难道 这 就是 你 对 那些 关心 你 的 人 应有 态度 ？,1,[ ],[ ],0,FALSE,张海迪，你现在可以跷二郎腿了，可以开车了，看来你的腿已经好了，可是你为什么不告诉大家呢，为什么还要瞒着大家呢？至于你的德国国籍问题，你更是没有公开澄清，不管大家问你多少遍，你始终沉默，难道这就是你对那些关心你的人应有态度？,3
感谢 招远 公安 ， 让 我们 以后 可以 放心大胆 的 到 街上 向 姑娘 索要 电话号码 ， 姑娘 再也 不敢 不 给 了 。 局长 教 你 如何 免死 ： 1 . 认识 局长 ； 2 . 开卡宴 ； 3 . 作案 时 大喊 指定 台词 。 刑法 解释 第三 百条 ： 组织 、 利用 邪教组织 致人 死亡 罪 ， 处 七年 以上 有期徒刑 / 故意杀人罪 ， 死刑 。 这 就是 区别 谁 说 乌龟 不会 飞 2G22 青兰 高速,1,[ ],[ ],0,FALSE,感谢招远公安，让我们以后可以放心大胆的到街上向姑娘索要电话号码，姑娘再也不敢不给了。局长教你如何免死：1.认识局长；2.开卡宴；3.作案时大喊指定台词。刑法解释第三百条：组织、利用邪教组织致人死亡罪，处七年以上有期徒刑/故意杀人罪，死刑。这就是区别谁说乌龟不会飞2G22青兰高速,0
武汉 东西 湖 三民 小区 居民 全部 转为 红码 ， 门口 全是 特警 守门 。,1,[ ],[ ],0,FALSE,武汉东西湖三民小区居民全部转为红码，门口全是特警守门。,2
世界卫生组织 昨天 证实 ， 刚果 东北部 的 伊 波拉 （ Ebola ） 病毒 疫情 已经 失控 ， 正在 迅速 蔓延 扩散 ， 过去 1 周 至少 有 31 人因 感染 而 病发 身亡 。 1976 年 ， 在 刚果 第 1 次 爆发 这种 疾病 ， 因而 取名 伊 波拉 病毒 。 感染 的 人类 会 出现 病毒性 出血热 症状 ， 当时 的 死亡率 高达 88% 。,1,[ ' 【 世界卫生组织 证实 刚果 伊 波拉 病毒 已 失控 扩散 】 ' ],[ ],0,FALSE,世界卫生组织昨天证实，刚果东北部的伊波拉（Ebola）病毒疫情已经失控，正在迅速蔓延扩散，过去1周至少有31人因感染而病发身亡。1976年，在刚果第1次爆发这种疾病，因而取名伊波拉病毒。感染的人类会出现病毒性出血热症状，当时的死亡率高达88%。,4
昆山 五个 禽流感 ， 2 个 确诊 . 为什么 不 报道 ?,1,[ ],[ ],0,FALSE,昆山五个禽流感，2个确诊.为什么不报道?,3
马云 说 ， “ 10 年 以内 ， 肺癌 、 肝癌 、 胃癌 将 光临 每 一个 中国 家庭 ， 我 担心 我们 这么 努力 ， 最后 所 挣 的 钱 都 是 医药费 。 ” … … （ 转 ）,1,[ ' 【 10 年 以内 ， 癌症 将 困扰 每 一个 中国 家庭 】 ' ],[ ],0,FALSE,马云说，“10年以内，肺癌、肝癌、胃癌将光临每一个中国家庭，我担心我们这么努力，最后所挣的钱都是医药费。”……（转）,2
新闻联播 说 ， 去年 我国 医疗 方面 投入 高达 一 亿多元 。 联想 到 偶们 13 亿人 ， 人均 一毛多 、 偶 感动 得 感冒 全好 了 。,1,[ ],[ ],0,FALSE,新闻联播说，去年我国医疗方面投入高达一亿多元。联想到偶们13亿人，人均一毛多、偶感动得感冒全好了。,0
美国 新冠 肺炎 疫情 继续 恶化 ， 不见 任何 好转 的 迹象 ： 单日 新增 确诊 2 万多例 ， 单日 死亡 高达 1400 多人 ， 累计 死亡 即将 达 10 万 。 遂宁 · 蓬溪县,0,[ ],[ ],1,FALSE,美国新冠肺炎疫情继续恶化，不见任何好转的迹象：单日新增确诊2万多例，单日死亡高达1400多人，累计死亡即将达10万。遂宁·蓬溪县,2
一队 已经 做 第二次 核酸 测试 了 咽 拭子 采样 过程 属实 “ 酸爽 ” 浙江 绿城 的 微博 视频,0,[ ],[ ],1,FALSE,一队已经做第二次核酸测试了咽拭子采样过程属实“酸爽”浙江绿城的微博视频,1
李庆远 ( 1677 - 1933 ) ， 寿享 256 年 ， 是 清末 民初 的 中医药 学者 。 在 他 100 岁 时 因 在 中医中药 方面 的 杰出成就 获 政府 特别 奖励 ， 在 他 200 岁 时 ， 仍常去 大学 讲学 。 李庆远 一生 娶 过 24 个 妻子 ， 子孙满堂,0,[ ' 【 历史 上 最 长寿 的 人 】 ' ],[ ],1,FALSE,李庆远(1677-1933)，寿享256年，是清末民初的中医药学者。在他100岁时因在中医中药方面的杰出成就获政府特别奖励，在他200岁时，仍常去大学讲学。李庆远一生娶过24个妻子，子孙满堂,4
这 几天 ， 很多 眼科医生 都 在 传 这张 照片 ( 图 1 ) 。 年三十 到 初一 ， 有 12 位 眼球 破裂 的 病人 被 送到 浙医二院 ， 都 是 烟花爆竹 惹 的 祸 ！ 有 的 眼睛 已 没有 光感 ， 很难 保住 … … 医生 提醒 ： 远离 烟花爆竹 ， 注意 人身安全 。 如果 烟花 哑掉 ， 不要 轻易 接近 ！ | 大年初一 ， ...,0,[ ' 【 大年初一 杭州 很多 医生 都 在 传 这 张图 ！ 】 ' ],[ ' 过大年 ' ],1,FALSE,这几天，很多眼科医生都在传这张照片(图1)。年三十到初一，有12位眼球破裂的病人被送到浙医二院，都是烟花爆竹惹的祸！有的眼睛已没有光感，很难保住……医生提醒：远离烟花爆竹，注意人身安全。如果烟花哑掉，不要轻易接近！|大年初一，...,3
南京 清洁工 带上 电子 手环 ， 休息 二十分钟 就 触发 警报 好像 本来 是 用来 监测 生命 体征 ， 怎么 落实 下来 感觉 变味儿 了,1,[ ],[ ],0,FALSE,南京清洁工带上电子手环，休息二十分钟就触发警报好像本来是用来监测生命体征，怎么落实下来感觉变味儿了,2
转基因 玉米 的 区别 ， 大家 都 看看,1,[ ],[ ],0,FALSE,转基因玉米的区别，大家都看看,1
方舟子 真的 一百天 没有 回来 ， 我 的 承诺 依然 有效 。 中国电信 预存 话费 送 iphone4s ， 详情请 登录 中国电信 官网 。 中国电信 请 为 我 撑腰 ！,1,[ ],[ ],0,FALSE,方舟子真的一百天没有回来，我的承诺依然有效。中国电信预存话费送iphone4s，详情请登录中国电信官网。中国电信请为我撑腰！,1
有 同行 已经 在 微博上 证实 了 ， 是 苹果 的 对手 出 了 高 价钱 ， 花 了 两千多万 ， 借助 央视 这个 特殊 的 平台 ， 和 315 这个 特殊 的 日子 ， 猛黑 苹果 。 微博 首发 的 大 号 ， 开价 基本 在 15 万 一条 。,1,[ ],[ ],0,FALSE,有同行已经在微博上证实了，是苹果的对手出了高价钱，花了两千多万，借助央视这个特殊的平台，和315这个特殊的日子，猛黑苹果。微博首发的大号，开价基本在15万一条。,2
第一次 全面 汇总 顺丰 的 电商 供应链 的 成长 路径 ： 快递 ? 电商 快递 ? 自有 电商 ( 顺丰 优选 ) ? 电商 供应链 管理 ? 嘿客 ， 涉及 品类 最多 的 服装 电商 、 价值 最高 的 3C 产品 、 SKU 最 复杂 的 化妆品 ， 以及 依托 FLUX 专业 的 WMS 系统 3 月 布局 22 个 仓 的 推进 方法 和 步骤 ... 如图,0,[ ' 【 案例 ： 顺丰 快速 进军 电商 供应链 之道 ， 短短 3 个 月 上线 22 个 仓 】 ' ],[ ],1,FALSE,第一次全面汇总顺丰的电商供应链的成长路径：快递?电商快递?自有电商(顺丰优选)?电商供应链管理?嘿客，涉及品类最多的服装电商、价值最高的3C产品、SKU最复杂的化妆品，以及依托FLUX专业的WMS系统3月布局22个仓的推进方法和步骤...如图,4
长安 将 在 重庆市 二江 新区 投资 33.7 亿元 新建 商用车 整车 生产 基地 ， 最大 年 生产能力 达 39 万辆 ， 预计 今后 在 这里 生产 多款 MPV 车型 。 新 基地 主要 包括 新 设 五条 主要 生产线 ， 建设 两条 冲压 生产线 、 一条 车体 焊接 生产线 、 一条 涂装 生产线 和 一条 总装线 。 阜阳 · 张孔村,0,[ ' 【 长安 反弹 巨资 新建 商务车 基地 】 ' ],[ ],1,FALSE,长安将在重庆市二江新区投资33.7亿元新建商用车整车生产基地，最大年生产能力达39万辆，预计今后在这里生产多款MPV车型。新基地主要包括新设五条主要生产线，建设两条冲压生产线、一条车体焊接生产线、一条涂装生产线和一条总装线。阜阳·张孔村,2
在 微软 主动 删除 全球 最大 的 面部 识别 数据库 MSCeleb ， 在 换 脸 算法 老祖 DeepFakes 和 其 论坛 被 Reddit 坚决 关闭 、 遭到 全球 主流 社交 平台 抵制 之后 ， 源于 陌陌 团队 的 ZAO ， 怎么 这么 有 勇气 还要 来 搞 一波 ？ 换脸 软件 ZAO 的 微信 分享 链接 被 停止 访问 ， 被 指 存在 安全 风险,0,[ ],[ ],1,FALSE,在微软主动删除全球最大的面部识别数据库MSCeleb，在换脸算法老祖DeepFakes和其论坛被Reddit坚决关闭、遭到全球主流社交平台抵制之后，源于陌陌团队的ZAO，怎么这么有勇气还要来搞一波？换脸软件ZAO的微信分享链接被停止访问，被指存在安全风险,4
今儿 3.15 ? 说 说 去年 315 曝光 的 不 合格 化妆品 吧 ~,1,[ ],[ ],0,FALSE,今儿3.15?说说去年315曝光的不合格化妆品吧~,1
08 年 汶川 地震 ， 诺基亚 捐 5000 万 ， 苹果 40 万 ， 三星 一分 没有 ； 13 年 雅安 地震 ， 苹果 捐 5000 万 ， 三星 捐 6000 万 ， 诺基亚 捐 100 万 和 4000 部手机 … … 诺基亚 2013 年 一 季财报 净亏损 1.5 亿 欧元 … ” 看到 这些 ， 谁 都 有些 不好受 ， 谁 的 青春 里 没个 诺基亚 ？ （ 重庆 商报 ）,1,[ ' 【 谁 的 青春 里 没个 诺基亚 ？ 】 ' ],[ ],0,FALSE,08年汶川地震，诺基亚捐5000万，苹果40万，三星一分没有；13年雅安地震，苹果捐5000万，三星捐6000万，诺基亚捐100万和4000部手机……诺基亚2013年一季财报净亏损1.5亿欧元…”看到这些，谁都有些不好受，谁的青春里没个诺基亚？（重庆商报）,3
【 我评 ： 根据 我 的 了解 ， 外国 东西 主要 是 人工 贵 ， 东西 不 贵 ， 当然 我们 房价 涨 的 比较 快 传导 效应 也 有点 关系 ， 货币 供应量 也 偏大 ， 90 年代 一碗 面是 2 元 现在 是 10 多元 ， 90 年代 一斤 白菜 4 毛 现在 2 元 ， 90 年代 电影票 几元 现在 几十元 ， 90 年代 最 简单 的 理发 是 几元 现在 几十元 ， 差不多 物价 翻 了 几倍 当然 一 ... c,0,[ ],[ ' 华人 移民 回国 后 傻眼 ' ],1,FALSE,【我评：根据我的了解，外国东西主要是人工贵，东西不贵，当然我们房价涨的比较快传导效应也有点关系，货币供应量也偏大，90年代一碗面是2元现在是10多元，90年代一斤白菜4毛现在2元，90年代电影票几元现在几十元，90年代最简单的理发是几元现在几十元，差不多物价翻了几倍当然一...c,2
曾 成杰 不是 第一个 被 占 财 灭口 的 富豪 。 百亿 身家 北京 建昊 集团 董事长 袁宝 璟 留在 世间 的 最后 一句 话 “ 我 不服 ， 我要 检举 ” ， 然后 判死 时 他 出堂 就 成 这 模样 ！ 知道 那白 围巾 底下 有 什么 秘密 吗 ？ 你 联想 到 了 张志新 ？ 袁 脖子 底下 至少 勒 着 细 钢丝 ， 免得 他 当众 说出 啥 秘密 来 。 随后 袁氏 三 兄弟 一起 被 执行 死刑 ， 形同 灭门 。 转,1,[ ],[ ],0,FALSE,曾成杰不是第一个被占财灭口的富豪。百亿身家北京建昊集团董事长袁宝璟留在世间的最后一句话“我不服，我要检举”，然后判死时他出堂就成这模样！知道那白围巾底下有什么秘密吗？你联想到了张志新？袁脖子底下至少勒着细钢丝，免得他当众说出啥秘密来。随后袁氏三兄弟一起被执行死刑，形同灭门。转,3
武汉 民生银行 理财产品 8 千万 一夜间 不翼而飞 ， 这 是 前 一阵 发生 的 事情 ， 情况 属实 不 清楚 的 可以 百度 ， 国家 现在 不再 给 银行 兜底 ， 破产法 出台 最高 上限 赔付 50 万 ， 银行 也 是 可能 会 破产倒闭 的 。 银行 向来都是 打着 保本 保息 的 口号 ， 但 结果 又 如何 呢 ？ 能否 做到 100% 保障 本息 不是 光靠 嘴 上 来说 的 ， 实际行动 会 证明 一切,1,[ ],[ ],0,FALSE,武汉民生银行理财产品8千万一夜间不翼而飞，这是前一阵发生的事情，情况属实不清楚的可以百度，国家现在不再给银行兜底，破产法出台最高上限赔付50万，银行也是可能会破产倒闭的。银行向来都是打着保本保息的口号，但结果又如何呢？能否做到100%保障本息不是光靠嘴上来说的，实际行动会证明一切,2
昨天 还 和 盆友 说 感 jio 今年 那群 计提 商誉 多 的 都 掉 坑里 了 … 像 $ 万达 电影 sz002739 $ 这样 雪上加霜 滴 ， 今年 想保 不 ST 最好 滴 方法 就是 把 $ AMC 院线 AMC $ 卖 了 … 没想到 今天 就 传 了 亚马逊 有意 收购 盘前 大涨 超 70% …,0,[ ],[ ],1,FALSE,昨天还和盆友说感jio今年那群计提商誉多的都掉坑里了…像$万达电影sz002739$这样雪上加霜滴，今年想保不ST最好滴方法就是把$AMC院线AMC$卖了…没想到今天就传了亚马逊有意收购盘前大涨超70%…,1
据传 10 分钟 前 新浪 一小 编 为了 抢票 动用 新浪 的 服务器 抢 火车票 导致 新浪 服务器 彻底 瘫痪 ， 导致系统 错误 ， 目前 已经 恢复正常 ！,1,[ ],[ ' 杂谈 春运 那些 事 ' ],0,FALSE,据传10分钟前新浪一小编为了抢票动用新浪的服务器抢火车票导致新浪服务器彻底瘫痪，导致系统错误，目前已经恢复正常！,4
我 发表 了 头条 文章 : 《 买 了 就 赚 ！ 来 看看 光伏 概念股 的 涨停 “ 密码 ” 》 买 了 就 赚 ！ 来 看看 光伏 概念股 的 涨停 “ 密码 ”,0,[ ],[ ],1,FALSE,我发表了头条文章:《买了就赚！来看看光伏概念股的涨停“密码”》买了就赚！来看看光伏概念股的涨停“密码”,1
外资 目前 净 买入 7.39 亿 ， 今天 的 目的 很 明确 ， 富时 罗素 扩容 ， 及时 盘中 不 进场 ， 尾盘 也 会 大笔 资金 被动 进场 流入 A股 。 众泰 汽车 这么 个 涨法 ， 应该 是 有 大 机构 要 去 收购 这个 汽车 了 吧 ？ 不然 怎么 天天 涨停 ！ ！ ！,0,[ ],"[ ' 财经 ' ,   ' 投资 ' ]",1,FALSE,外资目前净买入7.39亿，今天的目的很明确，富时罗素扩容，及时盘中不进场，尾盘也会大笔资金被动进场流入A股。众泰汽车这么个涨法，应该是有大机构要去收购这个汽车了吧？不然怎么天天涨停！！！,3
一组 经典 视觉 欺骗 图片 ， 看来 眼见 不 一定 为实 啊 ( = ? Д ? = ),0,[ ],[ ],1,FALSE,一组经典视觉欺骗图片，看来眼见不一定为实啊(=?Д?=),1
据传 上海东方 传媒 集团 有限公司 副总裁 ， 第一 财经 传媒 有限公司 总经理 ， 《 第一 财经 日报 》 总编辑 — — 秦朔 ， 辞职 。,1,[ ],[ ],0,FALSE,据传上海东方传媒集团有限公司副总裁，第一财经传媒有限公司总经理，《第一财经日报》总编辑——秦朔，辞职。,2
外资 目前 净 买入 7.39 亿 ， 今天 的 目的 很 明确 ， 富时 罗素 扩容 ， 及时 盘中 不 进场 ， 尾盘 也 会 大笔 资金 被动 进场 流入 A股 。 众泰 汽车 这么 个 涨法 ， 应该 是 有 大 机构 要 去 收购 这个 汽车 了 吧 ？ 不然 怎么 天天 涨停 ！ ！ ！,0,[ ],"[ ' 财经 ' ,   ' 投资 ' ]",1,FALSE,外资目前净买入7.39亿，今天的目的很明确，富时罗素扩容，及时盘中不进场，尾盘也会大笔资金被动进场流入A股。众泰汽车这么个涨法，应该是有大机构要去收购这个汽车了吧？不然怎么天天涨停！！！,3
不 知道 你们 现在 微博 打开 图片 有没有 发现 磨砂 感 ， 我 今天 一天 微博 打开 图片 都 是 这样 和 大王 说 ， 她 说 是 网速 问题 ， 但是 我 所有 网络 环境 下 都 是 这种 磨砂 感 ， 不是 缓存 问题 ， 缓存 过 的 也 会 这种 ， 雾蒙蒙 。 不 知道 和 之前 图片 要 收费 有 关系 。 很累 眼睛 的 。,0,[ ],[ ],1,FALSE,不知道你们现在微博打开图片有没有发现磨砂感，我今天一天微博打开图片都是这样和大王说，她说是网速问题，但是我所有网络环境下都是这种磨砂感，不是缓存问题，缓存过的也会这种，雾蒙蒙。不知道和之前图片要收费有关系。很累眼睛的。,2
这 笑声 太魔性 了 ！ 根本 停不下来 ！,0,[ ],[ ],1,FALSE,这笑声太魔性了！根本停不下来！,1
祝愿 小 日本 的 「 贞子 3D 」 票房 为 0 ！,1,[ ],[ ],0,FALSE,祝愿小日本的「贞子3D」票房为0！,1
谁 看 谁 倒霉 一年 ！ ！ ！ ！ 超级 恶搞 排行榜,1,[ ],[ ],0,FALSE,谁看谁倒霉一年！！！！超级恶搞排行榜,1
本 “ 恢畅 笑话 集团 ” 有 一女 汉子 ， 把 她 的 QQ 昵称 改成 了 “ 我 老婆 ” ， 后来 我们 集团 很多 男 的 回家 后 都 跪 了 搓衣板 。 。 。 由此 ， 恢畅 笑话 集团 决定 借鉴 性 更改 本微博 昵称 ； 定位 为 ： 『 恢畅 笑话 ， 非常 消化 』 原 昵称 ： ； 稍 早前 昵称 ： 全部 弃用 ， 特此 通告 ， 谢谢 大家 ！,0,[ ],"[ ' 醉多粉 ' ,   ' 开心 互动 歪 爽爽 ' ]",1,FALSE,本“恢畅笑话集团”有一女汉子，把她的QQ昵称改成了“我老婆”，后来我们集团很多男的回家后都跪了搓衣板。。。由此，恢畅笑话集团决定借鉴性更改本微博昵称；定位为：『恢畅笑话，非常消化』原昵称：；稍早前昵称：全部弃用，特此通告，谢谢大家！,3
狗 不能 喂 的 太饱 ， 人 不能 对 他 太 好 ！ 忍一时 得寸进尺 ， 退一步 变本加厉 。 玩笑 别太过 ， 要 不 都 是 祸 。 情 不够 ， 钱来 凑 ， 有钱 身后 一群 狗 ， 没 钱 社会 路难 走 。 看清 对 你好 的 ， 记住 被 谁 咬 的 。 该 吃 吃 该 喝喝 ， 破 事儿 别往 心里 搁 。 是 人 是 狗 ， 是 敌 是 友 ， 时间 长 了 自己 瞅 。 是 鬼别 装人 ， 是 人别 装神 。,0,[ ],[ ],1,FALSE,狗不能喂的太饱，人不能对他太好！忍一时得寸进尺，退一步变本加厉。玩笑别太过，要不都是祸。情不够，钱来凑，有钱身后一群狗，没钱社会路难走。看清对你好的，记住被谁咬的。该吃吃该喝喝，破事儿别往心里搁。是人是狗，是敌是友，时间长了自己瞅。是鬼别装人，是人别装神。,3
给 大猫 做 一个 猫桥 ， 可 人家 好像 不怎么 满意 呢,0,[ ],[ ],1,FALSE,给大猫做一个猫桥，可人家好像不怎么满意呢,1
太 恐怖 了 吧 ， 但愿 只是 明星 的 自我 炒作 ！,0,[ ],[ ],1,FALSE,太恐怖了吧，但愿只是明星的自我炒作！,3
如果 这些 老 电视剧 你 看过 一半 以上 的话 ， 那 就 说明 你老 了 ， 还是 果断 转 了 吧 ！ 「 BY 动漫 控 -- 鑫儿 」,0,[ ],[ ],1,FALSE,如果这些老电视剧你看过一半以上的话，那就说明你老了，还是果断转了吧！「BY动漫控--鑫儿」,1
近日 ， 被 称为 “ 全世界 最 幸福 的 小狗 ” 的 ， 因 甜美 笑容 而出名 的 柴犬 Maru 被选为 日本 三重 县 的 观光 大使 ， 就任 仪式 上 县长 还 亲自 颁发 了 正式 聘书 ！ 三重 县 是 忠犬八公 的 主人 上野 英三郎 的 故乡 ， 还是 纪州 犬 的 发源地 之一 ， 所以 政府 选择 了 狗狗 作为 观光 大使 。 爱笑 的 汪 运气 不会 太差 啊 ！,0,[ ],[ ],1,FALSE,近日，被称为“全世界最幸福的小狗”的，因甜美笑容而出名的柴犬Maru被选为日本三重县的观光大使，就任仪式上县长还亲自颁发了正式聘书！三重县是忠犬八公的主人上野英三郎的故乡，还是纪州犬的发源地之一，所以政府选择了狗狗作为观光大使。爱笑的汪运气不会太差啊！,2
倒 着 放 的 谁 不 知道 ， 但 还是 好 可爱 ， 看 了 10 遍 终于 停下来 了 。,0,[ ],[ ],1,FALSE,倒着放的谁不知道，但还是好可爱，看了10遍终于停下来了。,2
有 网友 爆料 称 在 医院 遇到 了 奚梦瑶 和 四 姨太 ， 猜测 已经 怀有 二胎 ？ 何猷 君 否认 ， 如果 奚梦瑶 这次 是 真的 怀孕 了 ， 不得不 说 ， 两人 的 效率 还是 蛮高 的 啊 。 希望 早日 听到 两人 的 好消息 哦,0,[ ],[ ],1,FALSE,有网友爆料称在医院遇到了奚梦瑶和四姨太，猜测已经怀有二胎？何猷君否认，如果奚梦瑶这次是真的怀孕了，不得不说，两人的效率还是蛮高的啊。希望早日听到两人的好消息哦,2
摸 奶节 是 当地 彝族 传统 文化 的 庆典 ， 每年 “ 鬼节 ” ， 就是 农历 的 7 月 14 日 、 15 日 与 16 日 这 三天 ， 除了 烧纸 祭奠 “ 好 兄弟 ” 之外 ， 来到 镇上 的 男男女女 ， 只要 出现 就要 遵守 “ 摸 奶节 ” 的 规定 ， 是 男人 就 高兴 地摸 ， 是 女人 就要 愉快 地 接受 被 摸 。,1,[ ' 【 色男 无法自拔 的 彝族 摸 奶节 】 ' ],[ ],0,FALSE,摸奶节是当地彝族传统文化的庆典，每年“鬼节”，就是农历的7月14日、15日与16日这三天，除了烧纸祭奠“好兄弟”之外，来到镇上的男男女女，只要出现就要遵守“摸奶节”的规定，是男人就高兴地摸，是女人就要愉快地接受被摸。,2
巴黎 慵懒 的 午后 ， 羡慕 S 人 了 ！ ！ 还 对 着 电脑 在 上班 的 人伤 不起 啊 ！ ！ ！,0,[ ],[ ],1,FALSE,巴黎慵懒的午后，羡慕S人了！！还对着电脑在上班的人伤不起啊！！！,3
不 明白 当年 贝多芬 是 怎么 弹 的 《 悲怆 》 第三章 ， 跪 着 看 完 ........,0,[ ],[ ],1,FALSE,不明白当年贝多芬是怎么弹的《悲怆》第三章，跪着看完........,1
王俊凯 晒 多 张 自拍照 ， 精致 侧颜 获赞 。 照片 中 ， 他 身穿 黑色 羽绒服 ， 刘海 梳 的 整齐 ， 瞪 大 的 双向 镜头 放电 ， 有 网友 调侃 道 ： “ 又 可以 换 屏保 了 ” ， 但是 又 有 网友 调侃 道 。 。 。 。 。,0,[ ],[ ' 大叔 神吐槽 ' ],1,FALSE,王俊凯晒多张自拍照，精致侧颜获赞。照片中，他身穿黑色羽绒服，刘海梳的整齐，瞪大的双向镜头放电，有网友调侃道：“又可以换屏保了”，但是又有网友调侃道。。。。。,2
相声 演员 侯耀华 发 的 ， 不是 我发 的 ！,1,[ ],[ ],0,FALSE,相声演员侯耀华发的，不是我发的！,1
关于 ， 广而告之 下 ， 适可而止 .... 别 让 作秀 绑架 了 公益,1,[ ],[ ' 冰桶 挑战 ' ],0,FALSE,关于，广而告之下，适可而止....别让作秀绑架了公益,1
22 岁 生日快乐 ！ （ 按 日本 时间 来算 的 ） 三浦 春马 お 誕 生日 お め で と う ！ こ れ か ら も 愛 し て る ? ( ′ θ ｀ ) ノ,0,[ ],[ ],1,FALSE,22岁生日快乐！（按日本时间来算的）三浦春马お誕生日おめでとう！これからも愛してる?(′θ｀)ノ,1
这 摇头 的 节奏 竟然 和 《 UptownFunk 》 这么 搭 ， 萌 了 我 一脸 ！,0,[ ],[ ],1,FALSE,这摇头的节奏竟然和《UptownFunk》这么搭，萌了我一脸！,3
我 哆 啦 A 梦 表示 看不懂 ， 一定 吓坏 台下 的 宝宝 们 了 … …,0,[ ],[ ],1,FALSE,我哆啦A梦表示看不懂，一定吓坏台下的宝宝们了……,3
抢 完 广州 场 ， 我 现在 整个 人 都 很 忧郁 … … 一直 在 点 灰色 的 座位表 ， 后来 从 别人 口中 才 知道 灰色 是 被 订 了 的 … … 然后 那时 已经 太晚 了 ， 我 去 了 山顶,0,[ ],[ ],1,FALSE,抢完广州场，我现在整个人都很忧郁……一直在点灰色的座位表，后来从别人口中才知道灰色是被订了的……然后那时已经太晚了，我去了山顶,3
微博 管理员 凭 什么 这个 后援会 谭松韵 后援团 不 永久 禁言 ？ 知道 为什么 围观 群众 对 谣言 深信不疑 吗 ？ 大家 觉得 营销 号 可能 添油加醋 ， 但是 后援会 都 是 真爱粉 ， 真爱粉 肯定 是 认真 研究 过 庭审 视频 的 ， 肯定 不会 说谎 。 这个 后援会 的 责任 更大 ， 麻烦 封号 ， 谢谢,0,[ ],[ ],1,FALSE,微博管理员凭什么这个后援会谭松韵后援团不永久禁言？知道为什么围观群众对谣言深信不疑吗？大家觉得营销号可能添油加醋，但是后援会都是真爱粉，真爱粉肯定是认真研究过庭审视频的，肯定不会说谎。这个后援会的责任更大，麻烦封号，谢谢,3
华山派 和 昆仑 派 两 大长老 决战 暗巷,0,[ ],[ ],1,FALSE,华山派和昆仑派两大长老决战暗巷,1
狗屁 全明星 马刺 战绩 全 联盟 第二只 差 勇士 2.5 个胜场 第一 有 四个 第二 有 一个 队内 攻防 第二 核心 没 进 全明星 wow ！ superweak,0,[ ],[ ],1,FALSE,狗屁全明星马刺战绩全联盟第二只差勇士2.5个胜场第一有四个第二有一个队内攻防第二核心没进全明星wow！superweak,3
有 消息 称 日本 的 ３ Ｄ 版贞子 要 在 ５ ． １ ２ 那天 上映 ， 那天 正好 是 汶川 大 地震 纪念日 ， 这帮 小 日本鬼子 ！ ！ ！ 我 虽然 觉得 你 的 漫画 事业 做 的 很 好 ， 但是 在 这种 民族 情感 上 ， 我 还是 坚定 地站 在 祖国 这边 ！ 希望 你 大爷 的 零 票房 灵 票房 ！ ！,1,[ ],[ ],0,FALSE,有消息称日本的３Ｄ版贞子要在５．１２那天上映，那天正好是汶川大地震纪念日，这帮小日本鬼子！！！我虽然觉得你的漫画事业做的很好，但是在这种民族情感上，我还是坚定地站在祖国这边！希望你大爷的零票房灵票房！！,3
永嘉 城市 网 ： 今天下午 4 点多 ， 瓯北堡 二 购物中心 旁边 的 某 网吧 门口 ， 发生 持刀 捅 人 事件 。 一名 青年 男子 满身 血迹 地倒 在 地上 ， 场面 甚 是 吓人 。 目击者 称 ， 他们 还 打牌 来 着 ， 突然 就 打 起来 了 。 事发 后 ， 伤者 被 紧急 送往 医院 抢救 。 稍晚 从 有关 核实 获悉 ， 伤者 受伤 无 生命危险 ， 嫌疑人 自首 。,0,[ ' 【 永嘉 伤人 ， 什么 仇 什么 怨 】 ' ],[ ],1,FALSE,永嘉城市网：今天下午4点多，瓯北堡二购物中心旁边的某网吧门口，发生持刀捅人事件。一名青年男子满身血迹地倒在地上，场面甚是吓人。目击者称，他们还打牌来着，突然就打起来了。事发后，伤者被紧急送往医院抢救。稍晚从有关核实获悉，伤者受伤无生命危险，嫌疑人自首。,2
近日 ， 重庆 奉节 一名 95 后 女孩 ， 由于 个人 原因 想要 跳江 轻生 。 却 因为 羽绒服 太厚 ， 在 江面 漂浮 了 半个 多 小时 。 落水 后 女孩 可能 也 想 明白 了 ， 一直 在 努力 地 自救 ， 最终 在 民警 和 海事 工作人员 的 帮助 下 回到 了 岸上 。,1,[ ' 【 95 后 女孩 跳进 长江 因穿 羽绒服 江面 漂浮 半小时 】 ' ],[ ],0,FALSE,近日，重庆奉节一名95后女孩，由于个人原因想要跳江轻生。却因为羽绒服太厚，在江面漂浮了半个多小时。落水后女孩可能也想明白了，一直在努力地自救，最终在民警和海事工作人员的帮助下回到了岸上。,2
图为 从 该 女子 体内 排出 的 奶粉 包 。 3 月 1 日晚 ， 香港海关 查获 一起 年青 女子 人体 藏 奶粉 案件 ， 涉案 奶粉 达 2000 克 。 该 女 2 月 29 日 入港 ， 出于 对 孩子 的 “ 爱 ” ， 竟然 无视 特区 法律 ， 甘当 “ 人 肉 奶粉罐 ” 。 目前 ， 该案 已 移交 香港海关 缉奶 部门 作 进一步 侦办 。,1,"[ ' 【 为 "" 爱 "" 当 "" 人 肉 奶粉罐 "" 香港海关 查获 第一 起 人体 藏 奶粉 出境 案 】 ' ]",[ ],0,FALSE,图为从该女子体内排出的奶粉包。3月1日晚，香港海关查获一起年青女子人体藏奶粉案件，涉案奶粉达2000克。该女2月29日入港，出于对孩子的“爱”，竟然无视特区法律，甘当“人肉奶粉罐”。目前，该案已移交香港海关缉奶部门作进一步侦办。,2
在 这个 高贵 的 国家 里 ， 菜贵 伤民 ， 菜贱 伤农 。 是因为 从 农村 到 城里 ， 一路 路过 了 敌占区 吗 ？,0,[ ],[ ],1,FALSE,在这个高贵的国家里，菜贵伤民，菜贱伤农。是因为从农村到城里，一路路过了敌占区吗？,0
警示 教育 是 必要 的 ， 但是 如此 在 人家 大门 上 和 屋 墙上 喷漆 绘字 ， 实在 不妥 。 2018 年 5 月 7 日 ， 广东省 惠来县 鳌 江镇 根据 上级 部署 要求 ， 组织 镇 村干部 、 派出所 民警 ， 对 10 户 涉毒 家庭 房屋 进行 喷漆 ， 以 达到 警示 教育 效果 。 （ via 新浪 广东 ）,0,[ ],[ ],1,FALSE,警示教育是必要的，但是如此在人家大门上和屋墙上喷漆绘字，实在不妥。2018年5月7日，广东省惠来县鳌江镇根据上级部署要求，组织镇村干部、派出所民警，对10户涉毒家庭房屋进行喷漆，以达到警示教育效果。（via新浪广东）,2
广州 2012.9 . 18 天河 石牌 桥 ， 水泄不通 啊 ， 爱国 热情高涨 ！ ！ ！,1,[ ],[ ],0,FALSE,广州2012.9.18天河石牌桥，水泄不通啊，爱国热情高涨！！！,3
湖南 长沙 一 女子 因 避孕 失败 ， 怀上 了 前夫 的 孩子 ， 她 跑 到 派出所 大闹 ， 民警 一听 经过 ， 都 有点 发懵 。 女子 与 丈夫 离婚 未 离家 ， 两人 同居 在 一起 ， 并 有 夫妻生活 。 每次 同房 都 小心翼翼 ， 采取 避孕措施 ， 但 没想到 还是 怀孕 了 。 两人 十一月 九日 同房 ， 当时 避孕套 ...,0,[ ' 【 神 操作 ！ 长沙 # 女子 避孕 失败 怀 前夫 孩子 # 】 ' ],[ ' 长沙 爆料 ' ],1,FALSE,湖南长沙一女子因避孕失败，怀上了前夫的孩子，她跑到派出所大闹，民警一听经过，都有点发懵。女子与丈夫离婚未离家，两人同居在一起，并有夫妻生活。每次同房都小心翼翼，采取避孕措施，但没想到还是怀孕了。两人十一月九日同房，当时避孕套...,2
这 一张 照片 在 网络 非常 的 火爆 ， 这 说明 什么 ？ 是否 这个 社会 有 三六九等 之分 吗 ？ 不管 你 是 什么 身份 ， 你 何德何能 让 百姓 八抬大轿 ！ 值得反思 ！ 只是 分享 ， 并非 造谣,1,[ ],[ ],0,FALSE,这一张照片在网络非常的火爆，这说明什么？是否这个社会有三六九等之分吗？不管你是什么身份，你何德何能让百姓八抬大轿！值得反思！只是分享，并非造谣,3
今天 互联网 上 流传 所谓 “ 央视 新闻 发布 微博 ， 称 ' 死者 情绪稳定 ’ ” 的 截图 ， 经 确认 该图 是 伪造 图片 ！ 我们 对 这种 利用 同胞 遇害 一事 ， 恶意 炒作 的 行为 ， 表示 严厉 谴责 ， 并 保留 追究 法律责任 的 权利 。 转发 ， 传递 真相 ！,0,[ ' 【 声明 】 ' ],[ ],1,FALSE,今天互联网上流传所谓“央视新闻发布微博，称'死者情绪稳定’”的截图，经确认该图是伪造图片！我们对这种利用同胞遇害一事，恶意炒作的行为，表示严厉谴责，并保留追究法律责任的权利。转发，传递真相！,3
11 日晚 ， 广西 龙州 一女 祼体 压马路 。 据 网友 称 ， 是因为 嗨 大 了 ， 和 朋友 打赌 ， 说敢 脱光 了 绕城 一圈 ， 就 送 她 一部 苹果 6 。,1,[ ' 【 一 女子 脱光 绕城 跑 ， 只 为 一部 iphone6 】 ' ],[ ],0,FALSE,11日晚，广西龙州一女祼体压马路。据网友称，是因为嗨大了，和朋友打赌，说敢脱光了绕城一圈，就送她一部苹果6。,2
我 无法 理解 一些 女人 在 夜店 整晚 被 N 个 搂抱 亲吻 还 觉得 特 光荣 ， 一有局 就 各种 求偶 遇 。 看到 开 跑车 的 人 和 稍微 有点 人 样 恨不得 马上 扒光 自己 。 姑娘 ， 这 不 叫 交际花 ， 这 叫 交 妓花 ， 叫 不知 耻 ！ 没局 的 时候 就 在家 扯 着 胸罩 露大 半边 乳房 出来 发 微薄 喊 寂寞 。 这 不 叫 性感 ， 这 叫 阴部 瘙痒 ！ 女人 ， 最 忌讳 的 就是 把 自己 做烂 ！,0,[ ],[ ],1,FALSE,我无法理解一些女人在夜店整晚被N个搂抱亲吻还觉得特光荣，一有局就各种求偶遇。看到开跑车的人和稍微有点人样恨不得马上扒光自己。姑娘，这不叫交际花，这叫交妓花，叫不知耻！没局的时候就在家扯着胸罩露大半边乳房出来发微薄喊寂寞。这不叫性感，这叫阴部瘙痒！女人，最忌讳的就是把自己做烂！,3
饶 原生 : 接客 太 多 ， 得 返 一碟 斋 。,1,[ ],[ ],0,FALSE,饶原生:接客太多，得返一碟斋。,1
快要 过年 了 ， 要 不要 一起 吃个 饭 ， 评论 里 留言 ， 大冶 、 阳新 、 黄石市 区 ， 最多 的 ， 我们 就 到 那里 去 组 一局,0,[ ],[ ],1,FALSE,快要过年了，要不要一起吃个饭，评论里留言，大冶、阳新、黄石市区，最多的，我们就到那里去组一局,1
温州 2 名 游客 在 澳大利亚 公园 大小便 并 袭警 ， 被 警方 逮捕 起诉 ！ 唉 ， 太 丢人 了 。 为 毛 国内 刁民 装病 、 拒捕 、 袭警 这些 熟悉 的 套路 在 国外 不好 使 ？ 因为 人家 法治 社会 根本 不 屌 ！ 该 抓 就 抓 ， 也 没 那么 多 圣母 白莲花 。 。 。 还有 宁波 游客 在 日本 酒店 偷 马桶盖 的 事 ， 有钱 不 等于 文明 。 少数 暴发户 的 low 逼 行为 ， 让 大多数 人 买单,0,[ ],[ ],1,FALSE,温州2名游客在澳大利亚公园大小便并袭警，被警方逮捕起诉！唉，太丢人了。为毛国内刁民装病、拒捕、袭警这些熟悉的套路在国外不好使？因为人家法治社会根本不屌！该抓就抓，也没那么多圣母白莲花。。。还有宁波游客在日本酒店偷马桶盖的事，有钱不等于文明。少数暴发户的low逼行为，让大多数人买单,3
天冷 了 ， 大家 穿 的 衣服 也 越来越 多 ， 对于 兜里 的 东西 就 没 那么 敏感 了 。 等车 、 上车 、 下车 、 过 安检 … … 你 都 有 可能 被 小偷 盯上 ！ 提醒 大家 ， 外出 一定 看好 自己 的 东西 ！ 扩散 ！ 多个 转发 ， 可能 少 个人 被 偷 ！,0,[ ' 【 天 冷 衣服 厚 ， 小心 ！ 小偷 可能 就 在 你 身边 ！ [ 吃惊 ] 】 ' ],[ ],1,FALSE,天冷了，大家穿的衣服也越来越多，对于兜里的东西就没那么敏感了。等车、上车、下车、过安检……你都有可能被小偷盯上！提醒大家，外出一定看好自己的东西！扩散！多个转发，可能少个人被偷！,3
"11 月 27 日 凌晨 1 时 28 分 , 一 男子 开车 发现 前面 有 交警 在 检查 酒驾 ， 他 于是 将车 停 在 路边 ， 下 走 准备 离开 。 就 在 这时 ， 民警 发现 了 他 的 异常 举动 。 四川电视台 新闻 现场 的 微博 视频",0,[ ' 【 执迷不悟 ！ 男子 一年 两次 醉驾 被 逮 警方 ： 依法 刑拘 】 ' ],[ ],1,FALSE,"11月27日凌晨1时28分,一男子开车发现前面有交警在检查酒驾，他于是将车停在路边，下走准备离开。就在这时，民警发现了他的异常举动。四川电视台新闻现场的微博视频",2
"儿子 带 着 我 一起 长大 : "" 今天 下雨 ， 平时 外婆 接 小家伙 从 幼儿园 回家 所 经过 的 国权 路 ， 今天 竟然 比较 冷清 。 离 黄兴路 还有 大概 30 ／ 50 米 ， 迎面 走来 一个 40 多岁 的 中年妇女 ， 没有 任何 征兆 的 手上 拿 着 一大 团 白色 的 餐巾纸 朝 外婆 口 鼻 捂 过去 ... "" 详见 长微博 ！ 特哈人 了 ！ 转",1,[ ' 【 家长 注意 】 ' ],[ ],0,FALSE,"儿子带着我一起长大:""今天下雨，平时外婆接小家伙从幼儿园回家所经过的国权路，今天竟然比较冷清。离黄兴路还有大概30／50米，迎面走来一个40多岁的中年妇女，没有任何征兆的手上拿着一大团白色的餐巾纸朝外婆口鼻捂过去...""详见长微博！特哈人了！转",2
真实 版 《 失孤 》 ， 求 转发 ， 求 线索 。 河北省 张家口市 人 。,1,[ ],[ ],0,FALSE,真实版《失孤》，求转发，求线索。河北省张家口市人。,1
金溪县 景湖 花苑 黑社会 带 几十个 人来 白马路 象山 学府 这里 强行 拆路 ， ， 老人 躺 在 地上 ， ， 我们 打 110 ， 120 没有 一个 过来 救人 的 都 没有 ， 还要 我们 自己 送 去 ， ， 政府 人 声称 ： 知道 这个 事 ， 不归 他们 管 ， 叫 我们 自己 去 跟 当地 镇长 谈 ， ， 。 大家 帮帮忙 ， 转发 出去 ， 谢谢 ！ 小燕子 的 名 ... | 抚州 · 秀谷 ...,0,[ ],[ ],1,FALSE,金溪县景湖花苑黑社会带几十个人来白马路象山学府这里强行拆路，，老人躺在地上，，我们打110，120没有一个过来救人的都没有，还要我们自己送去，，政府人声称：知道这个事，不归他们管，叫我们自己去跟当地镇长谈，，。大家帮帮忙，转发出去，谢谢！小燕子的名...|抚州·秀谷...,2
老爸 当时 的 内心 几乎 是 崩溃 的 ， 哈哈哈哈 ， 说好 女儿 是 爸爸 上辈子 的 情人 呢 ？ ！,0,[ ],[ ],1,FALSE,老爸当时的内心几乎是崩溃的，哈哈哈哈，说好女儿是爸爸上辈子的情人呢？！,1
26 日 ， 家住 长春 卫星 路 附近 的 刘先生 在 朋友圈 转发 了 一条 寻人 帖 ， 内容 大致 是 一个三岁 小女孩 被 人 拐走 ， 大人 都 急 疯 了 ， 联系人 张静杰 手机号 为 13759695559 。 刘先生 也 不 认识 这个 小女孩 和 她 的 家长 ， 只是 好心 帮忙 扩散 。 via 长春 晚报,1,[ ' 【 长春 “ 3 岁 小女孩 被 拐 ” 是 假消息 疑似 吸费 诈骗 电话 】 ' ],[ ' 长春 身边 事 ' ],0,FALSE,26日，家住长春卫星路附近的刘先生在朋友圈转发了一条寻人帖，内容大致是一个三岁小女孩被人拐走，大人都急疯了，联系人张静杰手机号为13759695559。刘先生也不认识这个小女孩和她的家长，只是好心帮忙扩散。via长春晚报,4
江苏 宿迁 62 岁 的 林兰松 老人 ， 家里 有块 石头 ， 是 上 一辈 耕田 时 偶尔 捡 到 的 。 最近 ， 林 老汉 把 石头 拿给 考古 工地 的 专家 瞧 ， 没想到 小小 顽石 竟是 距今 至少 4000 年 的 石 锛 ， 属 新石器 时期 文物 。 林 老汉 决定 将 它 无偿 送给 宿迁市 博物馆 收藏 。 为林 老汉 点赞 ！ （ 央视 记者 吴睿 ）,0,[ ' 【 江苏 老汉 捐 新石器 时代 文物 父辈 耕田 捡 来 的 ！ 】 ' ],[ ],1,FALSE,江苏宿迁62岁的林兰松老人，家里有块石头，是上一辈耕田时偶尔捡到的。最近，林老汉把石头拿给考古工地的专家瞧，没想到小小顽石竟是距今至少4000年的石锛，属新石器时期文物。林老汉决定将它无偿送给宿迁市博物馆收藏。为林老汉点赞！（央视记者吴睿）,4
据说 国际航班 全部 交给 上海 执行 ， 上海 成为 唯一 国际 口岸,1,[ ],"[ ' 中医 ' ,   ' 健康 达人记 ' ,   ' 中医 抗疫 第一线 ' ]",0,FALSE,据说国际航班全部交给上海执行，上海成为唯一国际口岸,2
"印度 青年 阿南德 ， 15 岁 时 因 癌症 失去 双腿 ， 此后 只能靠 轮椅 行动 。 他会 从此 意志 消沉 ？ 你 错 了 ！ 遭遇 截肢 的 他 反而 用 最大 的 努力 投入 健身运动 事业 中 … 现在 ， 他 已 三次 获封 "" 印度 先生 "" 称号 ， 取得 的 冠军 更是 不计其数 ！",0,[ ' 【 他 都 如此 坚强 ， 你 还有 什么 理由 不 努力 ？ 】 ' ],[ ],1,FALSE,"印度青年阿南德，15岁时因癌症失去双腿，此后只能靠轮椅行动。他会从此意志消沉？你错了！遭遇截肢的他反而用最大的努力投入健身运动事业中…现在，他已三次获封""印度先生""称号，取得的冠军更是不计其数！",3
又 看 了 一下 ， 没有 被 撤 ， 只是 停职 。 还有 ， 所长 被 停职 以及 警犬 管理员 被 辞退 只是 对 “ 把 警犬 饿成 流浪狗 ” 的 惩戒 ， 而 这 夫妻俩 带走 警犬 的 事 并 不会 自动 撤案 。 / / 曲炯 : 玩仙 狗 跳 的 所长 已 撤 ， 把 金华 金 东 公安 这个 不知 耻 的 公告 截个 图 → 查看 图片,0,[ ],[ ],1,FALSE,又看了一下，没有被撤，只是停职。还有，所长被停职以及警犬管理员被辞退只是对“把警犬饿成流浪狗”的惩戒，而这夫妻俩带走警犬的事并不会自动撤案。//曲炯:玩仙狗跳的所长已撤，把金华金东公安这个不知耻的公告截个图→查看图片,2
广西 龙州县 深夜 现 一名 年轻 女子 ， 全身 赤裸 三点 尽露 在 马路 裸奔 。 据 网民 称 ， 女子 之所以 裸奔 ， 是因为 在 & quot ; 朋友圈 & quot ; 跟 友人 打赌 ， 如果 脱光 赤条条 绕城 一圈 ， 便 送 她 一部 苹果 iPhone6 ， 结果 该名 女子 真的 褪去 身上 所有 衣服 ， 尽情 裸奔 。,1,[ ' 【 广西 女子 为 赢 iPhone6 与 人 打赌 街头 裸奔 】 ' ],[ ],0,FALSE,广西龙州县深夜现一名年轻女子，全身赤裸三点尽露在马路裸奔。据网民称，女子之所以裸奔，是因为在&quot;朋友圈&quot;跟友人打赌，如果脱光赤条条绕城一圈，便送她一部苹果iPhone6，结果该名女子真的褪去身上所有衣服，尽情裸奔。,3
到 办公室 上班 还 能 攀岩 、 滑 滑梯 、 带 宠物 ， 办公楼 有 热带雨林 、 露天 烧烤 台 、 吧台 ， 还有 跑步机 、 乒乓球台 、 羽毛球馆 。 近日 在 网上 晒出 一组 某 办公室 的 图片 ， 实在 让 人 羡慕 ！ 这是 真的 吗 ？ 这样 的 上班 地点 可以 有 啊 。,0,[ ' 【 北京 惊现 “ 秒杀 Google 的 办公室 ” 】 ' ],[ ' 影像 志 ' ],1,FALSE,到办公室上班还能攀岩、滑滑梯、带宠物，办公楼有热带雨林、露天烧烤台、吧台，还有跑步机、乒乓球台、羽毛球馆。近日在网上晒出一组某办公室的图片，实在让人羡慕！这是真的吗？这样的上班地点可以有啊。,3
现在 云南 ， 贵州 等 地 大旱 ， 一些 地区 旱情 超过 去年 可谓 百年一遇 。 84 岁 老人 王用珍 一边 抹 眼泪 ， 一边 割 着 已经 绝收 水稻 ， 她 一家 五口 人 就 只有 这 一块 稻田 ， 今年 注定 要 缺粮 了 。 为什么 ， 现在 中国 XXX 慈善 组织 几乎 集体 消失 了 ？ 谁 来 救救 我们 的 人民 ？,1,[ ' 【 史上 最 凄惨 一幕 ： 八旬 老人 挥泪 割 稻草 】 ' ],[ ],0,FALSE,现在云南，贵州等地大旱，一些地区旱情超过去年可谓百年一遇。84岁老人王用珍一边抹眼泪，一边割着已经绝收水稻，她一家五口人就只有这一块稻田，今年注定要缺粮了。为什么，现在中国XXX慈善组织几乎集体消失了？谁来救救我们的人民？,3
说好 的 一城 、 一湖 、 一江 、 一 文化 、 一 风情 呢 ？ 女子 丽江 遭 暴打 ， 施暴者 拿碎 酒瓶 划伤 受害者 脸部 ， 并 在 拍摄 视频 威胁 后 扬长而去 ， 两个 月 舆论 无法控制 才 处理 ， 当事人 琳 哒 是 我 只能 发微博 求助 。 我 真 怀疑 这 还是 我 曾经 去过 的 丽江 吗 ？ 事发 已经 两个 多月 了 ， 姑娘 发微博 居然 比 报警 管用 ！,0,[ ],[ ],1,FALSE,说好的一城、一湖、一江、一文化、一风情呢？女子丽江遭暴打，施暴者拿碎酒瓶划伤受害者脸部，并在拍摄视频威胁后扬长而去，两个月舆论无法控制才处理，当事人琳哒是我只能发微博求助。我真怀疑这还是我曾经去过的丽江吗？事发已经两个多月了，姑娘发微博居然比报警管用！,3
有个 空姐 在 飞机 上 讲解 安全 指引 ， 但 好像 只有 一个 乘客 在 认真 听 ， 好乖 的 汪星 人 啊 。 。 。,0,[ ],[ ],1,FALSE,有个空姐在飞机上讲解安全指引，但好像只有一个乘客在认真听，好乖的汪星人啊。。。,1
再 爆 河南 许昌市 东城区 “ 恒达 · 名门 尚居 ” 强拆 现场 ， 禽兽 拆迁 人员 扒 掉 戚小芳 （ 22 岁 ） 的 上衣 羞辱 。 记者 连线 打人者 ， 打人者 称 ： “ 我以 一个 共产党员 保证 ， 没有 打 她 。 ” 戚小芳 报案 ， 警方 也 不 给 任何 说法 。,1,[ ' 【 河南 许昌 房屋 遭 强拆 20 岁 少女 讨说法 被 扒 光 上衣 受辱 】 ' ],[ ],0,FALSE,再爆河南许昌市东城区“恒达·名门尚居”强拆现场，禽兽拆迁人员扒掉戚小芳（22岁）的上衣羞辱。记者连线打人者，打人者称：“我以一个共产党员保证，没有打她。”戚小芳报案，警方也不给任何说法。,4
熊 孩子 遭 封号 被 爆蹭 热度 ？ 网友 投稿 熊 孩子 由于 昨晚 的 过激 行为 遭到 举报 封号 一天 ， 另外 网上 还 流传 一张 据说 是 熊妈 的 微信 聊天 截图 ， 里面 熊妈 明确 表示 “ 看到 黑粉 带 节奏 ， 然后 再 去 蹭 点 粉能 懂 吧 ？ ” ， 不过 这张 截图 的 真实性 未经 证实 。,0,[ ],[ ],1,FALSE,熊孩子遭封号被爆蹭热度？网友投稿熊孩子由于昨晚的过激行为遭到举报封号一天，另外网上还流传一张据说是熊妈的微信聊天截图，里面熊妈明确表示“看到黑粉带节奏，然后再去蹭点粉能懂吧？”，不过这张截图的真实性未经证实。,3
原来 阵雨 是 这样 下 的 。 。 惊呆 了 ！ ！ ！,0,[ ],[ ],1,FALSE,原来阵雨是这样下的。。惊呆了！！！,1
3 月 25 日晚 ， 杭州 四季青 附近 ， 一个 姑娘 被 一个 男人 拖进 树丛 。 男人 抢过 她 的 拎包 ， 翻 了 半天 ， 只 翻出 一只 杂牌 手机 和 12 元 钱 。 “ 你 怎么 这么 穷 ？ ” 男人 一脸 同情 ， 然后 拍拍 她 肩膀 ， 豪气 地说 ： “ 你 在 这里 等 我 ， 我 去 抢点 钱 给 你 打车 回家 ！ ” … …,1,[ ' 【 这 事 ， 你 怎么 看 ？ 】 ' ],[ ],0,FALSE,3月25日晚，杭州四季青附近，一个姑娘被一个男人拖进树丛。男人抢过她的拎包，翻了半天，只翻出一只杂牌手机和12元钱。“你怎么这么穷？”男人一脸同情，然后拍拍她肩膀，豪气地说：“你在这里等我，我去抢点钱给你打车回家！”……,3
看 了 心绞痛 眼泪 都 会 掉下来,1,[ ],[ ],0,FALSE,看了心绞痛眼泪都会掉下来,1
有 一种 心情 叫 ： 突然 想 去 看海 ~,0,[ ],[ ],1,FALSE,有一种心情叫：突然想去看海~,1
接下去 几天 的 状态 估计 是 这样 的 … …,0,[ ],[ ],1,FALSE,接下去几天的状态估计是这样的……,1
哭 的 时候 没人 哄 ， 学会 了 坚强 ； 怕 的 时候 没人 陪 ， 学会 了 勇敢 ； 烦 的 时候 没人 问 ， 学会 了 承受 ； 累 的 时候 没 人 可以 依靠 ， 学会 了 自立 ！ 就 这样 我 找到 了 自己 ， 知道 了 人 是 被 逼出来 的 ， 只有 压力 才 有 动力 ； 有 超人 的 聪明者 ， 不见得 有 超人 的 抱负 。 他们 常常 仗恃 自己 的 智力 ， 放弃 平实 的 奋斗 。,0,[ ],[ ],1,FALSE,哭的时候没人哄，学会了坚强；怕的时候没人陪，学会了勇敢；烦的时候没人问，学会了承受；累的时候没人可以依靠，学会了自立！就这样我找到了自己，知道了人是被逼出来的，只有压力才有动力；有超人的聪明者，不见得有超人的抱负。他们常常仗恃自己的智力，放弃平实的奋斗。,2
